Keyword,Volume,Keyword Difficulty
mô hình kim tự tháp ngược,50,9
bảo tàng kim tự tháp ngược,10,
kim tự tháp ngược,10,
bảo tàng hình kim tự tháp ngược,0,
bảo tàng kim tự tháp lộn ngược,0,
format chuẩn kim tự tháp ngược,0,
kim tự tháp chổng ngược ở hà nội,0,
kim tự tháp ngược trong viết content,0,
kim tự tháp ngược ở hà nội,0,
lãi suất mô hình kim tự tháp ngược,0,
lãi suất ngân hàng mô hình kim tự tháp ngược,0,
mô hình kim tự tháp ngược của john exter,0,
mô hình kim tự tháp ngược john exter,0,
mô hình kim tự tháp ngược lãi suất,0,
mô hình kim tự tháp ngược trong viết bài pr,0,
mô hình quản trị kim tự tháp ngược,0,
đây là mô hình kim tự tháp ngược,0,
