Keyword,Intent,Volume,Keyword Difficulty
book báo chí,Informational,110,12
booking báo chí,Informational,110,8
book báo điện tử,Informational,30,10
booking báo vnexpress,Informational,30,5
booking báo điện tử,Informational,30,10
booking quảng cáo báo,Informational,30,12
báo giá booking kols,Informational,30,7
agency booking báo chí,,20,
book báo pr,,20,
booking báo,,20,
booking báo online,,20,
liên hệ book báo,,20,
agency booking báo,,10,
booking bài báo,,10,
agency book bài pr trên báo cnn,,0,
agency book bài pr trên các báo nước ngoài,,0,
agency book bài pr được các báo online nước ngoài,,0,
book bài pr trên báo nước ngoài cnn,,0,
book bài pr trên báo nước ngoài time,,0,
book báo chí la gi,,0,
book king báo mạng,,0,
book statement báo cáo kiểm tra sổ sách,,0,
book địa điểm trước khi họp báo,,0,
booking bài pr báo batdongsan.com.vn,,0,
booking bài pr báo online,,0,
booking báo cafebiz,,0,
booking báo chỉ,,0,
booking báo doanh nhân sài gòn cuối tuần,,0,
booking báo dân trí,,0,
booking báo forbes,,0,
booking báo mạng,,0,
booking báo phụ nữ online,,0,
booking báo sinh viên việt nam,,0,
booking báo worksheet resort,,0,
booking báo worksheetresort,,0,
booking báo worksheets resort,,0,
booking báo đeiu tử,,0,
booking báo đài,,0,
booking quảng cáo báo giấy,,0,
booking quảng cáo báo mạng,,0,
booking quảng cáo báo nhịp cầu đầu tư,,0,
booking quảng cáo thời báo kinh tế việt nam,,0,
booking trên báo tiền phong,,0,
books trang tải báo,,0,
books.org trang tải báo,,0,
báo cáo kiểm tra sổ sách statement of books,,0,
báo cáo lỗi cho face book,,0,
báo gia lai booking quảng cáo,,0,
báo giá book bài pr trên vnexpress,,0,
báo giá booking afamily.vn,,0,
báo giá booking banner web cafeland,,0,
báo giá booking bài pr admicro,,0,
báo giá booking báo công luận,,0,
báo giá booking báo đẹp,,0,
báo giá booking cafebiz,,0,
báo giá booking chuyển động 24h,,0,
báo giá booking cpd banner homepage web cafeland,,0,
báo giá booking doanhnghiepphattrien,,0,
báo giá booking doanhnghiepphattrien.vn,,0,
báo giá booking fanpage,,0,
báo giá booking kientrucvietnam.org,,0,
báo giá booking kols 2019,,0,
báo giá booking pr vnexpress,,0,
báo giá booking quảng cáo,,0,
báo giá booking quảng cáo ione,,0,
báo giá booking quảng cáo ione.net,,0,
báo giá booking saigon times,,0,
báo giá booking saigontime,,0,
báo giá booking saigontime quangcao,,0,
báo giá booking shoha.vn,,0,
báo giá booking soha.vn,,0,
báo giá booking thesaigontimes,,0,
báo giá booking trang merry,,0,
báo giá booking tuoitre.vn,,0,
báo giá booking tuổi trẻ,,0,
báo giá booking vietnam news,,0,
báo giá booking vietnamnet,,0,
báo giá booking vietnamnews,,0,
báo giá booking vietnamnews.vn,,0,
báo giá booking vnexpress 2019,,0,
báo giá booking youtube,,0,
báo giá booking youtube channel,,0,
báo giá life english book,,0,
báo giá life english books,,0,
báo giá surface pro book,,0,
báo vlxd giá booking,,0,
bảng giá book bài các báo,,0,
bảng giá book báo tỉnh,,0,
bảng giá booking banner báo 24h,,0,
bảng giá booking banner báo batdongsan.com.vn,,0,
bảng giá booking banner báo doanh nhân sài gofnn,,0,
bảng giá booking banner báo nhipcaudautu,,0,
bảng giá booking trên các fanpage báo chí,,0,
chiến lược book bài báo chí,,0,
chặn thông báo face book đến mail,,0,
cài đặt tắt chuông báo face book,,0,
các bước book bài trên báo mạng,,0,
các câu thông báo bán hàng trên face book,,0,
các hình thức book bài quảng cáo trên các báo,,0,
các tham số cần quan tam khi book báo marketing,,0,
cách book bài pr trên báo chí,,0,
cách book bài trên báo mạng,,0,
cách book bài viết trên báo mạng,,0,
cách book bài viết trên báo mạng bread and tea,,0,
cách book bài viết trên báo mạng vietnambooking,,0,
cách tắt thông báo sinh nhật cho face book,,0,
công ty truyền thông booking báo mạng,,0,
dđơn vị chuyên nhận book báo,,0,
dđơn vị chuyên nhận book báo mycro,,0,
dịch vụ booking báo cafe f,,0,
egency booking báo,,0,
email thông báo cho khách số booking khách sạn,,0,
face book báo không thể thay đổi tên trang,,0,
face book báo lỗi vi phạm tiêu chuẩn cộng động,,0,
face book báo something went wrong là bị gì,,0,
face book báo đổi mật khẩu,,0,
face book bị báo cáo mạo danh,,0,
face book của nhà báo hoàng nguyên vũ,,0,
giá booking báo dep365,,0,
giá booking báo heritage,,0,
giá booking báo kiến trúc đời sống,,0,
giá booking báo tuổi trẻ,,0,
hiển thị thông báo của face book chrome,,0,
hoõ trợ booking báo mạng,,0,
huong dân xóa thông báo trên face book,,0,
hướng dẫn xóa thông báo trên face book,,0,
hệ thống book bài pr trên các báo,,0,
hỗ trợ booking báo mạng,,0,
không nhận thông báo mời chơi game từ face book,,0,
không vào được face book báo lỗi proxy,,0,
kientrucvietnam.org.vn báo giá booking,,0,
laàm sao biết ai báo cáo tên face book,,0,
liên hệ booking báo,,0,
liên hệ booking báo trực tuyến online,,0,
làm thế nào để booking online trên báo nước ngoài,,0,
làm thế nào để booking online trên báo nước ngào,,0,
my book live báo đèn đỏ,,0,
nghiệp vụ báo giá và xác nhận booking note,,0,
statement of books báo cáo sổ sách,,0,
style book của tờ báo,,0,
thoông báo khai trương face book the coffee house,,0,
thông báo khi booking trong wordpress,,0,
thông báo messenger khi book trong wordpress,,0,
thông báo thông báo khi book trong wordpress,,0,
thông báo về việc giao nhận booking trễ,,0,
thông báo đien lực đức thọ fa book hà tinh,,0,
thông cáo báo chí thái hà books,,0,
truyền thông booking báo mạng,,0,
tạo tin báo trong face book,,0,
tạp chí vật liệu xây dựng online báo giá booking,,0,
tắt thông báo bằng mail của booking và agoda,,0,
tắt thông báo mini face book,,0,
tắtht ông báo live strem và video trên face book,,0,
vacpa e book báo cáo tài chính,,0,
vietnam booking báo,,0,
đơn vị nhận book bài viết báo at my,,0,
