Keyword,Volume,KD,Nhóm,Đầu báo
book báo chí,110,12,A. Booking báo chí - core (money page),
booking báo chí,110,8,A. Booking báo chí - core (money page),
book báo điện tử,30,10,A. Booking báo chí - core (money page),
booking báo điện tử,30,10,A. Booking báo chí - core (money page),
book báo pr,20,,A. Booking báo chí - core (money page),
booking báo,20,,A. Booking báo chí - core (money page),
booking báo online,20,,A. Booking báo chí - core (money page),
liên hệ book báo,20,,A. Booking báo chí - core (money page),
booking bài báo,10,,A. Booking báo chí - core (money page),
book bài pr trên báo nước ngoài cnn,0,,A. Booking báo chí - core (money page),
book bài pr trên báo nước ngoài time,0,,A. Booking báo chí - core (money page),
book báo chí la gi,0,,A. Booking báo chí - core (money page),
booking bài pr báo online,0,,A. Booking báo chí - core (money page),
booking báo chỉ,0,,A. Booking báo chí - core (money page),
booking báo mạng,0,,A. Booking báo chí - core (money page),
booking báo worksheet resort,0,,A. Booking báo chí - core (money page),
booking báo worksheetresort,0,,A. Booking báo chí - core (money page),
booking báo worksheets resort,0,,A. Booking báo chí - core (money page),
booking báo đeiu tử,0,,A. Booking báo chí - core (money page),
booking báo đài,0,,A. Booking báo chí - core (money page),
egency booking báo,0,,A. Booking báo chí - core (money page),
liên hệ booking báo,0,,A. Booking báo chí - core (money page),
liên hệ booking báo trực tuyến online,0,,A. Booking báo chí - core (money page),
truyền thông booking báo mạng,0,,A. Booking báo chí - core (money page),
vietnam booking báo,0,,A. Booking báo chí - core (money page),
booking báo vnexpress,30,5,B. Booking theo đầu báo cụ thể,VnExpress
booking bài pr báo batdongsan.com.vn,0,,B. Booking theo đầu báo cụ thể,Batdongsan.com.vn
booking báo cafebiz,0,,B. Booking theo đầu báo cụ thể,CafeBiz
booking báo doanh nhân sài gòn cuối tuần,0,,B. Booking theo đầu báo cụ thể,Doanh Nhân Sài Gòn
booking báo dân trí,0,,B. Booking theo đầu báo cụ thể,Dân Trí
booking báo forbes,0,,B. Booking theo đầu báo cụ thể,Forbes
booking báo phụ nữ online,0,,B. Booking theo đầu báo cụ thể,Phụ Nữ Online
booking báo sinh viên việt nam,0,,B. Booking theo đầu báo cụ thể,Sinh Viên Việt Nam
booking quảng cáo báo nhịp cầu đầu tư,0,,B. Booking theo đầu báo cụ thể,Nhịp Cầu Đầu Tư
booking trên báo tiền phong,0,,B. Booking theo đầu báo cụ thể,Tiền Phong
báo giá book bài pr trên vnexpress,0,,B. Booking theo đầu báo cụ thể,VnExpress
báo giá booking bài pr admicro,0,,B. Booking theo đầu báo cụ thể,Admicro (Kênh14/CafeF network)
báo giá booking báo công luận,0,,B. Booking theo đầu báo cụ thể,Công Luận
báo giá booking cafebiz,0,,B. Booking theo đầu báo cụ thể,CafeBiz
báo giá booking chuyển động 24h,0,,B. Booking theo đầu báo cụ thể,24h
báo giá booking doanhnghiepphattrien,0,,B. Booking theo đầu báo cụ thể,Doanh Nghiệp Phát Triển
báo giá booking doanhnghiepphattrien.vn,0,,B. Booking theo đầu báo cụ thể,Doanh Nghiệp Phát Triển
báo giá booking kientrucvietnam.org,0,,B. Booking theo đầu báo cụ thể,Kiến Trúc Việt Nam
báo giá booking pr vnexpress,0,,B. Booking theo đầu báo cụ thể,VnExpress
báo giá booking quảng cáo ione,0,,B. Booking theo đầu báo cụ thể,iOne
báo giá booking quảng cáo ione.net,0,,B. Booking theo đầu báo cụ thể,iOne
báo giá booking saigon times,0,,B. Booking theo đầu báo cụ thể,Saigon Times
báo giá booking saigontime,0,,B. Booking theo đầu báo cụ thể,Saigon Times
báo giá booking saigontime quangcao,0,,B. Booking theo đầu báo cụ thể,Saigon Times
báo giá booking soha.vn,0,,B. Booking theo đầu báo cụ thể,Soha
báo giá booking thesaigontimes,0,,B. Booking theo đầu báo cụ thể,Saigon Times
báo giá booking tuoitre.vn,0,,B. Booking theo đầu báo cụ thể,Tuổi Trẻ
báo giá booking tuổi trẻ,0,,B. Booking theo đầu báo cụ thể,Tuổi Trẻ
báo giá booking vietnam news,0,,B. Booking theo đầu báo cụ thể,Vietnam News
báo giá booking vietnamnet,0,,B. Booking theo đầu báo cụ thể,VietNamNet
báo giá booking vietnamnews,0,,B. Booking theo đầu báo cụ thể,Vietnam News
báo giá booking vietnamnews.vn,0,,B. Booking theo đầu báo cụ thể,Vietnam News
báo giá booking vnexpress 2019,0,,B. Booking theo đầu báo cụ thể,VnExpress
bảng giá booking banner báo 24h,0,,B. Booking theo đầu báo cụ thể,24h
bảng giá booking banner báo batdongsan.com.vn,0,,B. Booking theo đầu báo cụ thể,Batdongsan.com.vn
bảng giá booking banner báo nhipcaudautu,0,,B. Booking theo đầu báo cụ thể,Nhịp Cầu Đầu Tư
dịch vụ booking báo cafe f,0,,B. Booking theo đầu báo cụ thể,CafeF
giá booking báo dep365,0,,B. Booking theo đầu báo cụ thể,Đẹp365
giá booking báo heritage,0,,B. Booking theo đầu báo cụ thể,Heritage
giá booking báo kiến trúc đời sống,0,,B. Booking theo đầu báo cụ thể,Kiến Trúc Đời Sống
giá booking báo tuổi trẻ,0,,B. Booking theo đầu báo cụ thể,Tuổi Trẻ
kientrucvietnam.org.vn báo giá booking,0,,B. Booking theo đầu báo cụ thể,Kiến Trúc Việt Nam
booking quảng cáo báo,30,12,C. Booking quảng cáo báo (banner/fanpage/youtube/KOLs),
báo giá booking kols,30,7,C. Booking quảng cáo báo (banner/fanpage/youtube/KOLs),
booking quảng cáo báo giấy,0,,C. Booking quảng cáo báo (banner/fanpage/youtube/KOLs),
booking quảng cáo báo mạng,0,,C. Booking quảng cáo báo (banner/fanpage/youtube/KOLs),
báo giá booking banner web cafeland,0,,C. Booking quảng cáo báo (banner/fanpage/youtube/KOLs),
báo giá booking cpd banner homepage web cafeland,0,,C. Booking quảng cáo báo (banner/fanpage/youtube/KOLs),
báo giá booking fanpage,0,,C. Booking quảng cáo báo (banner/fanpage/youtube/KOLs),
báo giá booking kols 2019,0,,C. Booking quảng cáo báo (banner/fanpage/youtube/KOLs),
báo giá booking youtube,0,,C. Booking quảng cáo báo (banner/fanpage/youtube/KOLs),
báo giá booking youtube channel,0,,C. Booking quảng cáo báo (banner/fanpage/youtube/KOLs),
bảng giá booking banner báo doanh nhân sài gofnn,0,,C. Booking quảng cáo báo (banner/fanpage/youtube/KOLs),
bảng giá booking trên các fanpage báo chí,0,,C. Booking quảng cáo báo (banner/fanpage/youtube/KOLs),
chiến lược book bài báo chí,0,,D. How-to / quy trình book báo,
các bước book bài trên báo mạng,0,,D. How-to / quy trình book báo,
các tham số cần quan tam khi book báo marketing,0,,D. How-to / quy trình book báo,
cách book bài pr trên báo chí,0,,D. How-to / quy trình book báo,
cách book bài trên báo mạng,0,,D. How-to / quy trình book báo,
cách book bài viết trên báo mạng,0,,D. How-to / quy trình book báo,
cách book bài viết trên báo mạng bread and tea,0,,D. How-to / quy trình book báo,
cách book bài viết trên báo mạng vietnambooking,0,,D. How-to / quy trình book báo,
hệ thống book bài pr trên các báo,0,,D. How-to / quy trình book báo,
agency booking báo chí,20,,E. Agency/đơn vị booking báo (đối tượng bán dịch vụ B2B),
agency booking báo,10,,E. Agency/đơn vị booking báo (đối tượng bán dịch vụ B2B),
agency book bài pr trên báo cnn,0,,E. Agency/đơn vị booking báo (đối tượng bán dịch vụ B2B),
agency book bài pr trên các báo nước ngoài,0,,E. Agency/đơn vị booking báo (đối tượng bán dịch vụ B2B),
agency book bài pr được các báo online nước ngoài,0,,E. Agency/đơn vị booking báo (đối tượng bán dịch vụ B2B),
công ty truyền thông booking báo mạng,0,,E. Agency/đơn vị booking báo (đối tượng bán dịch vụ B2B),
dđơn vị chuyên nhận book báo,0,,E. Agency/đơn vị booking báo (đối tượng bán dịch vụ B2B),
dđơn vị chuyên nhận book báo mycro,0,,E. Agency/đơn vị booking báo (đối tượng bán dịch vụ B2B),
hoõ trợ booking báo mạng,0,,E. Agency/đơn vị booking báo (đối tượng bán dịch vụ B2B),
hỗ trợ booking báo mạng,0,,E. Agency/đơn vị booking báo (đối tượng bán dịch vụ B2B),
báo giá booking báo đẹp,0,,"F. Báo giá booking báo (chung, không rõ đầu báo)",
bảng giá book báo tỉnh,0,,"F. Báo giá booking báo (chung, không rõ đầu báo)",
book king báo mạng,0,,Z. Rác - không liên quan,
book statement báo cáo kiểm tra sổ sách,0,,Z. Rác - không liên quan,
book địa điểm trước khi họp báo,0,,Z. Rác - không liên quan,
booking quảng cáo thời báo kinh tế việt nam,0,,Z. Rác - không liên quan,
books trang tải báo,0,,Z. Rác - không liên quan,
books.org trang tải báo,0,,Z. Rác - không liên quan,
báo cáo kiểm tra sổ sách statement of books,0,,Z. Rác - không liên quan,
báo cáo lỗi cho face book,0,,Z. Rác - không liên quan,
báo gia lai booking quảng cáo,0,,Z. Rác - không liên quan,
báo giá booking afamily.vn,0,,Z. Rác - không liên quan,
báo giá booking quảng cáo,0,,Z. Rác - không liên quan,
báo giá booking shoha.vn,0,,Z. Rác - không liên quan,
báo giá booking trang merry,0,,Z. Rác - không liên quan,
báo giá life english book,0,,Z. Rác - không liên quan,
báo giá life english books,0,,Z. Rác - không liên quan,
báo giá surface pro book,0,,Z. Rác - không liên quan,
báo vlxd giá booking,0,,Z. Rác - không liên quan,
bảng giá book bài các báo,0,,Z. Rác - không liên quan,
chặn thông báo face book đến mail,0,,Z. Rác - không liên quan,
cài đặt tắt chuông báo face book,0,,Z. Rác - không liên quan,
các câu thông báo bán hàng trên face book,0,,Z. Rác - không liên quan,
các hình thức book bài quảng cáo trên các báo,0,,Z. Rác - không liên quan,
cách tắt thông báo sinh nhật cho face book,0,,Z. Rác - không liên quan,
email thông báo cho khách số booking khách sạn,0,,Z. Rác - không liên quan,
face book báo không thể thay đổi tên trang,0,,Z. Rác - không liên quan,
face book báo lỗi vi phạm tiêu chuẩn cộng động,0,,Z. Rác - không liên quan,
face book báo something went wrong là bị gì,0,,Z. Rác - không liên quan,
face book báo đổi mật khẩu,0,,Z. Rác - không liên quan,
face book bị báo cáo mạo danh,0,,Z. Rác - không liên quan,
face book của nhà báo hoàng nguyên vũ,0,,Z. Rác - không liên quan,
hiển thị thông báo của face book chrome,0,,Z. Rác - không liên quan,
huong dân xóa thông báo trên face book,0,,Z. Rác - không liên quan,
hướng dẫn xóa thông báo trên face book,0,,Z. Rác - không liên quan,
không nhận thông báo mời chơi game từ face book,0,,Z. Rác - không liên quan,
không vào được face book báo lỗi proxy,0,,Z. Rác - không liên quan,
laàm sao biết ai báo cáo tên face book,0,,Z. Rác - không liên quan,
làm thế nào để booking online trên báo nước ngoài,0,,Z. Rác - không liên quan,
làm thế nào để booking online trên báo nước ngào,0,,Z. Rác - không liên quan,
my book live báo đèn đỏ,0,,Z. Rác - không liên quan,
nghiệp vụ báo giá và xác nhận booking note,0,,Z. Rác - không liên quan,
statement of books báo cáo sổ sách,0,,Z. Rác - không liên quan,
style book của tờ báo,0,,Z. Rác - không liên quan,
thoông báo khai trương face book the coffee house,0,,Z. Rác - không liên quan,
thông báo khi booking trong wordpress,0,,Z. Rác - không liên quan,
thông báo messenger khi book trong wordpress,0,,Z. Rác - không liên quan,
thông báo thông báo khi book trong wordpress,0,,Z. Rác - không liên quan,
thông báo về việc giao nhận booking trễ,0,,Z. Rác - không liên quan,
thông báo đien lực đức thọ fa book hà tinh,0,,Z. Rác - không liên quan,
thông cáo báo chí thái hà books,0,,Z. Rác - không liên quan,
tạo tin báo trong face book,0,,Z. Rác - không liên quan,
tạp chí vật liệu xây dựng online báo giá booking,0,,Z. Rác - không liên quan,
tắt thông báo bằng mail của booking và agoda,0,,Z. Rác - không liên quan,
tắt thông báo mini face book,0,,Z. Rác - không liên quan,
tắtht ông báo live strem và video trên face book,0,,Z. Rác - không liên quan,
vacpa e book báo cáo tài chính,0,,Z. Rác - không liên quan,
đơn vị nhận book bài viết báo at my,0,,Z. Rác - không liên quan,
