URL,Tieu de hien tai,Cum hien tai,Cum de xuat,Loai gap,Chi tiet gap,Uu tien,Do sau research
/mua-textlink/,Mua Textlink,Money page - Mua Textlink,Giữ nguyên,Thiếu case study/testimonial; thiếu trust signal,"Trang chỉ nêu ""34+ trang đã hợp tác"" (nguồn cung, không phải trust signal về Digicom). Đối thủ (DanaSEO, SEOViP) có testimonial tên+công ty, MST công khai, ""10-13+ năm kinh nghiệm"". Digicom chưa nêu năm thành lập/MST/số dự án trên trang.",Cao,Sâu
/dich-vu-backlink/,Dịch vụ Backlink,Money page - Dịch vụ Backlink,Giữ nguyên,Thiếu case study; bảng giá không hiện trực tiếp; thiếu trust signal,"Không có bảng giá on-page (phải bấm riêng), không testimonial. Đối thủ SEOViP/Fame Media có case study, ""13+ năm kinh nghiệm"", quy trình 6 bước rõ timeline.",Cao,Sâu
/guest-post/,Guest Post,Money page - Guest Post,Giữ nguyên,Thiếu case study/testimonial; thiếu quy trình hiển thị trên trang,"Điểm mạnh: bảng giá 225+ site + widget tính combo, tốt hơn hầu hết đối thủ. Thiếu testimonial, thiếu quy trình các bước hiển thị (guestpost.vn có 5 testimonial + quy trình 3 bước).",TB,Sâu
/backlink-social-entity/,Backlink Social Entity,Money page - Backlink Social Entity,Giữ nguyên,Bảng giá chưa hiện trực tiếp; thiếu case study; thiếu trust signal,"Nội dung giáo dục tốt nhưng giá gói chỉ nhắc trong FAQ, không số cụ thể. Đối thủ (Fame Media, SEOTOP) hiện giá ngay trên trang, quy trình 8 bước, 4 testimonial tên/chức danh, năm thành lập/MST công khai.",TB-Cao,Sâu
/backlink-quoc-te/,Backlink quốc tế,Money page - Backlink quốc tế,Giữ nguyên,Thiếu trust signal; thiếu case study,"Trang Digicom chỉ có bảng giá + widget + hotline, KHÔNG có tín hiệu tin cậy nào - trong khi đối thủ (IAC Digital, WIFIM) công khai ""3.000+ khách hàng"", badge Google Partner, MST, tên CEO. Đây là dịch vụ giá cao (Forbes/Bloomberg/WSJ) cần niềm tin lớn hơn.",Cao,Sâu
/dich-vu-toplist/,Dịch vụ Toplist,Money page - Dịch vụ Toplist,Giữ nguyên,Thiếu trust signal; thiếu case study,"Điểm mạnh: bảng giá 20+ site + widget, minh bạch hơn đối thủ. Nhưng DanaSEO có 3 testimonial tên thật, claim ""1000+ khách hàng"", logo đối tác Traveloka/FPT Shop, rating 4.6/5 - mảng social proof Digicom hoàn toàn thiếu.",TB,Sâu
/dich-vu-backlink/bat-dong-san/,Backlink Bất động sản,Money page - Backlink Bất động sản,Giữ nguyên,Bảng giá chưa minh bạch; nội dung ngách chưa chuyên biệt hoá,"Chỉ 5 H2 chung chung, không đoạn nào giải thích đặc thù ngành BĐS (pháp lý dự án, entity địa danh), không bảng giá, không danh sách site theo ngành. Đối thủ có đoạn riêng BĐS + bảng giá 3 gói + danh sách site kèm DA/PA/DR. Trang ngách lẽ ra phải SÂU HƠN trang mẹ nhưng lại sơ sài hơn.",Cao,Sâu
/seo-woocommerce/,SEO WooCommerce 2026: 12 Bước và Plugin Stack Chuẩn,SEO E-commerce,SEO E-commerce,Không có gap lớn,"Plugin stack (Rank Math Pro, WP Rocket, ShortPixel) còn hiện hành, chưa phát hiện thông tin sai/lỗi thời.",Thấp,Nhanh
/seo-trang-san-pham/,"SEO Trang Sản Phẩm 2026: Template Chuẩn, Schema JSON-LD và Cách Tránh Duplicate Content",SEO E-commerce,SEO E-commerce,Không có gap lớn,"Có Product + Breadcrumb schema, checklist rõ ràng, nội dung nhất quán với hướng dẫn hiện hành.",Thấp,Nhanh
/seo-trang-danh-muc/,SEO Trang Danh Mục: Hướng Dẫn Toàn Diện 2026,SEO E-commerce,SEO E-commerce,Thiếu nguồn/bằng chứng,"Case study ""thêm 150 từ intro text, traffic tăng 140% sau 3 tháng"" không có tên khách hàng/nguồn kiểm chứng - vi phạm rule content-professional.",TB,Nhanh
/seo-shopify/,"SEO Shopify 2026: 5 Hạn Chế Mặc Định, 12 Bước Tối Ưu và App Đề Xuất",SEO E-commerce,SEO E-commerce,Không có gap lớn,"Nội dung khớp thực tế Shopify hiện tại, có Schema Author/Article/Organization.",Thấp,Nhanh
/seo-ecommerce/,"SEO E-commerce 2026: Framework 5 Nhóm, Checklist 20 Điểm Và So Sánh Nền Tảng",SEO E-commerce,SEO E-commerce,Thiếu nhất quán định dạng,Không có FAQ schema formal dù các bài khác cùng cụm đều có - nên bổ sung để đồng bộ chuẩn AEO/FAQ schema toàn site.,Thấp,Nhanh
/schema-ecommerce/,Schema Ecommerce: 6 Loại Bắt Buộc và JSON-LD Mẫu,SEO E-commerce,SEO E-commerce,Không có gap lớn,"6 loại schema (Product/Offer/AggregateRating/BreadcrumbList/ItemList/FAQPage) đầy đủ, đúng chuẩn hiện hành.",Thấp,Nhanh
/voice-search-seo/,Voice Search SEO: 8 Kỹ Thuật Tối Ưu Hiệu Quả 2026,SEO & AI (GEO),SEO & AI (GEO),Lỗi thời / thiếu cập nhật xu hướng,"Chỉ nhắc Google Assistant + Siri nhưng KHÔNG đề cập: Google Assistant khai tử (hạn chót 3/2026, thay bằng Gemini); Apple ký thoả thuận 12/1/2026 dùng Gemini cho Siri. Xử lý voice search tách biệt khỏi AI Overview/GEO - trái xu hướng ""Search Everywhere Optimization"" hiện tại. Stat ""27% mobile users voice search weekly"" không có nguồn.",Cao,Sâu
/seo-trong-thoi-dai-ai/,SEO Trong Thời Đại AI 2026: Framework 4 Chiều Và Chiến Lược Thực Chiến Cho SME Việt Nam,SEO & AI (GEO),SEO & AI (GEO),Thiếu khái niệm quan trọng,"Hoàn toàn KHÔNG nhắc ""AI Mode"" (0 kết quả khi quét) - tính năng tìm kiếm AI riêng biệt, hơn 1 tỷ user/tháng (Google I/O 5/2026), chỉ 14% URL trích dẫn trùng AI Overview. Stat ""AI Overview 50-60% search Mỹ"" hơi cao so nguồn gốc BrightEdge (~47-48%).",Cao,Sâu
/google-sge/,"Google SGE Là Gì? Lịch Sử Ra Đời, Sự Khác Biệt Với AI Overview Và Cơ Hội SEO 2026",SEO & AI (GEO),SEO & AI (GEO),Thiếu cập nhật tiếp nối,"Xử lý ĐÚNG mốc SGE→AI Overview (I/O 5/2024) nhưng dừng ở đó, chưa cập nhật giai đoạn 3 ""AI Mode"" (ra mắt cuối 2025, hơn 1 tỷ user/tháng giữa 2026).",TB,Sâu
/geo-generative-engine-optimization/,GEO Là Gì? Generative Engine Optimization 2026,SEO & AI (GEO),SEO & AI (GEO),Thiếu hướng dẫn kỹ thuật cụ thể,"Trích đúng nghiên cứu Princeton (KDD 2024) khớp chính xác - đáng tin. Nhưng thiếu: ví dụ structured data/schema cụ thể để AI trích dẫn, case study có nguồn, không link trực tiếp paper Princeton dù có nhắc tên - vi phạm external-link-eeat.md.",Cao,Sâu
/ai-overview/,"(Bài ""AI Overview"")",SEO & AI (GEO),SEO & AI (GEO),Lỗi thời / thiếu nguồn / thiếu khái niệm,"Gap nghiêm trọng nhất: stat ""13,14% search trigger AI Overview (tới 3/2025)"" đã LỖI THỜI NẶNG - dữ liệu 2026 thực tế 47-60% (tăng 3-4 lần). Stat ""58-61% giảm CTR"" khá khớp thực tế nhưng không ghi nguồn. Claim ""FAQ schema tăng 60% khả năng vào AI Overview"" có dấu hiệu diễn giải sai nguồn gốc (tương quan Featured Snippet, không phải riêng FAQ). Không nhắc ""AI Mode"".",Cao,Sâu
/tu-khoa-canh-tranh/,Từ Khóa Cạnh Tranh: 3 Chỉ Số Đánh Giá và Khi Nào Nên Bỏ,Nghiên cứu từ khoá,Nghiên cứu từ khoá,Không có gap lớn,"Công thức KD/SD/CPC + quy trình 4 bước hợp lý, công cụ còn hiện hành.",Thấp,Nhanh
/search-intent/,Search Intent Là Gì? 4 Loại và Cách Tối Ưu SEO,Nghiên cứu từ khoá,Nghiên cứu từ khoá,Không có gap lớn,"Nội dung toàn diện, không phát hiện thông tin sai/lỗi thời.",Thấp,Nhanh
/long-tail-keyword/,Long Tail Keyword Là Gì? Cách Tìm và Ứng Dụng Thực Tế Cho SEO,Nghiên cứu từ khoá,Nghiên cứu từ khoá,Số liệu cũ chưa rõ nguồn,"Stat ""70% search là long-tail"" lặp lại rộng rãi nhưng gốc từ nghiên cứu cũ (~2007, trước mobile/voice/AI search) - không có nguồn cập nhật 2026.",TB,Nhanh
/keyword-research/,Keyword Research: Quy Trình 5 Bước Chuẩn Agency,Nghiên cứu từ khoá,Nghiên cứu từ khoá,Giá công cụ lỗi thời + thiếu mảng AI Search,"Giá Ahrefs ghi ""$99/tháng"" đã lỗi thời - giá thật hiện tại $129/tháng (gói Lite). Gap lớn hơn: KHÔNG đề cập nghiên cứu từ khoá cho AI Search/GEO dù site đang có 5 bài riêng về AI/GEO.",Cao,Sâu
/keyword-clustering/,Keyword Clustering Là Gì? SERP Overlap và Topic Authority,Nghiên cứu từ khoá,Nghiên cứu từ khoá,Không có gap lớn,"Phương pháp SERP overlap, ví dụ thực tế, bảng so sánh công cụ - nội dung vững.",Thấp,Nhanh
/thong-cao-bao-chi-xu-ly-khung-hoang/,Thông Cáo Báo Chí Xử Lý Khủng Hoảng: Mẫu Và Cách Viết,Booking báo & PR,Booking báo & PR (subcluster Thông cáo báo chí),"Đúng dạng, gap nhỏ","Đối thủ (accgroup, miccreative) mỏng hơn hẳn - Digicom có 3 loại khủng hoảng, khung giờ phát hành, ai duyệt-ký, 3 luật VN liên quan, sâu hơn SERP. Gap còn lại: chưa có ví dụ/case thực tế công khai.",Thấp,Sâu (fetch 2 đối thủ thật)
/mau-thong-cao-bao-chi/,Mẫu Thông Cáo Báo Chí: Tổng Hợp Theo Từng Mục Đích,Booking báo & PR,Booking báo & PR (subcluster Thông cáo báo chí),Thiếu tính năng so với đối thủ,"Digicom 9 mẫu ngang miccreative. luatvietnam.vn có nút ""Tải về/Sửa & In"" file .docx cho từng mẫu - Digicom không có file tải về, chỉ hiển thị text.",TB,Sâu (fetch 2 đối thủ thật)
/cach-viet-thong-cao-bao-chi-chuan/,"Cách Viết Thông Cáo Báo Chí Chuẩn: Cấu Trúc, 5W1H, Ví Dụ",Booking báo & PR,Gộp/rút gọn với thong-cao-bao-chi-la-gi,CANNIBALIZATION NỘI BỘ,"H2 ""Cấu trúc 6 phần"" và ""Lỗi thường gặp"" TRÙNG gần như nguyên vẹn với 2 mục trong bài /thong-cao-bao-chi-la-gi/. 2 bài tự cạnh tranh cùng 1 khúc nội dung. Điểm riêng đáng giữ: SOLAADS, mô hình tháp ngược - không đối thủ nào có.",Cao,Sâu (đối chiếu nội bộ + search)
/thong-cao-bao-chi-la-gi/,"Thông Cáo Báo Chí Là Gì? Định Nghĩa, Vai Trò, Ai Viết",Booking báo & PR,"Thu hẹp phạm vi, trỏ link sang bài cách-viết",CANNIBALIZATION NỘI BỘ (cùng cặp trên),"Cùng bằng chứng: H2 ""Cấu trúc và mẫu"" + ""Lỗi thường gặp"" lặp lại đúng nội dung bài kia. Đề xuất rút gọn còn vài câu + link ""Xem chi tiết →"". Nên GIỮ: H2 ""Thông cáo báo chí khác gì bài PR báo chí"" - 7 đối thủ top không bài nào có góc so sánh này, lợi thế thật của agency bán cả 2 dịch vụ.",Cao,Sâu (đối chiếu nội bộ + search)
/mua-backlink-bao-la-gi/,Mua Backlink Báo Là Gì? Khác Gì Booking Báo & PR?,Booking báo & PR,"""Ranh giới dịch vụ"" - cross-link Backlink + Booking báo PR",Định vị cụm chưa đúng + có thể lệch dạng SERP,"SERP 8/8 top toàn trang BÁN backlink báo (mdigi, famemedia, litado...), 0/8 so sánh với booking báo PR. Bài Digicom là bài DUY NHẤT làm việc này - info gain thật nhưng volume tìm kiếm intent định nghĩa có thể thấp; giá trị chủ yếu định vị nội bộ giúp khách chọn dịch vụ.",TB,Sâu (fetch mdigi.vn)
/co-nen-mua-backlink-khong/,Có Nên Mua Backlink Không? Rủi Ro và Cách Chọn Uy Tín,Booking báo & PR,"""Ranh giới dịch vụ"" cùng nhóm trên",Thiếu 1 mục so với đối thủ,"seotoro.vn có mục ""Phân biệt backlink tự nhiên và backlink mua"" mà Digicom không có. Ngược lại Digicom sâu hơn ở việc gọi tên PBN/link farm/SpamBrain cụ thể (seotoro chỉ nói chung chung).",TB,Sâu (fetch seotoro.vn)
/mua-textlink-la-gi/,Mua Textlink Là Gì? Có Nên Mua Textlink Cho SEO Không?,Off-page service knowledge,Textlink - kiến thức nền (definitional),Nhỏ - thiếu nguồn trích dẫn,"SERP top (seovip, winnet, seodo, gtvseo, hapodigital) đều dạng ""textlink là gì"" định nghĩa; Digicom đã có bảng giá minh hoạ thật (hanoitimes.vn DR53, 700k-1,4tr) + FAQ 4 câu - vượt hẳn đối thủ (đa số không công khai giá). Gap nhỏ: câu ""có bị Google phạt không"" chưa link nguồn Google Search Central.",Thấp,Nhanh
/guest-post-la-gi/,Guest Post Là Gì? Cách Triển Khai Hiệu Quả Cho SEO,Off-page service knowledge,Guest Post - kiến thức nền (definitional),Thiếu độ sâu nội dung + thiếu FAQ,"SERP top 9/9 (vietnix, mona, sapo, gtvseo, seodo, seongon...) đều là bài định nghĩa dài, đa số có mục ""N cách xây dựng Guest Post"". Bài Digicom chỉ ~800-900 từ, bỏ qua phần giáo dục tổng quan, mỏng hơn hẳn đối thủ. Không có FAQ.",Cao,Nhanh
/textlink-khac-backlink-the-nao/,Textlink khác Backlink như thế nào?,Off-page service knowledge,Textlink vs Backlink - so sánh,Nhỏ,"SERP top đa số dạng so sánh/định nghĩa - bài Digicom có bảng so sánh 5 tiêu chí, khớp dạng. Thiếu trích nguồn uy tín ngoài (Google/Ahrefs).",Thấp,Nhanh
/dich-vu-guest-post-gia-bao-nhieu/,Dịch Vụ Guest Post Giá Bao Nhiêu? Nên Mua Ở Đâu,Off-page service knowledge,Guest Post - bảng giá/chi phí,Không đáng kể (điểm mạnh),"SERP top đều là trang dịch vụ bán hàng, hầu hết KHÔNG công khai khung giá. Digicom đưa khung giá thật ngay đầu bài (700k-11,5tr) - info gain rõ.",Thấp,Nhanh
/dich-vu-backlink-gia-bao-nhieu/,Dịch Vụ Backlink Giá Bao Nhiêu? Cách Chọn Đơn Vị Uy Tín,Off-page service knowledge,Backlink - bảng giá/chi phí,Không đáng kể,"SERP top toàn trang dịch vụ, giá mập mờ. Digicom có bảng giá gói cụ thể A1/B1/C1 - vượt trội.",Thấp,Nhanh
/top-site-guest-post-uy-tin/,Top Site Nhận Đăng Guest Post Uy Tín Theo Từng Lĩnh Vực,Off-page service knowledge,Guest Post - danh sách site (listicle),LỆCH DẠNG SERP (nghiêm trọng nhất),"Từ khoá có tín hiệu listicle rõ (""top"", ""site"") nhưng SERP top thực tế là ""Top N đơn vị/dịch vụ guest post"" (bảng xếp hạng nhà cung cấp), không phải site đơn lẻ kèm DR/DA. Bài Digicom hiện là guide giáo dục, chỉ nhắc TÊN 8 site rải trong văn bản, KHÔNG bảng, KHÔNG chỉ số DR/DA - lệch tiêu đề đang hứa hẹn. Cần audit_intent đầy đủ (đọc toàn văn top 10) trước khi sửa.",Cao,Nhanh (cần research sâu thêm trước khi sửa)
/quy-trinh-trien-khai-guest-post/,Quy Trình Triển Khai Guest Post Hiệu Quả Cho SEO,Off-page service knowledge,Guest Post - quy trình triển khai (how-to),Nhỏ - thiếu internal link,"SERP top đa số gộp chung ""là gì + quy trình"", ít bài tách riêng 6 bước chi tiết như Digicom - điểm mạnh. Gap: chỉ 1 internal link về /guest-post/ trong toàn bài ~2000-2500 từ.",TB,Nhanh
/backlink-bat-dong-san/,Backlink Chất Lượng Bất Động Sản: Tiêu Chí Chọn Site 2026,Off-page service knowledge,Backlink - ngách Bất động sản,Không đáng kể (đã đúng hướng),"SERP top là bài hướng dẫn/danh sách chung chung, không bài nào tách sâu ""rủi ro riêng"" (link farm, cờ bạc đội lốt BĐS) như Digicom - info gain rõ.",Thấp,Nhanh
/mua-textlink-edu-gov/,Mua Textlink EDU/GOV: Đặc Điểm Và Khi Nào Nên Dùng,Off-page service knowledge,Textlink - compliance/rủi ro pháp lý (EDU-GOV),Không phải content gap - định vị có chủ đích,SERP top đa số ĐANG BÁN dịch vụ này. Digicom từ chối dứt khoát - đúng 100% rule nội bộ khong-ban-gov-edu.md. Không cần sửa theo hướng thương mại.,Thấp,Nhanh
/ty-le-anchor-text-chuan/,Anchor Text Là Gì? Các Loại Và Tỷ Lệ Chuẩn Cho SEO 2026,Backlink knowledge base,Dịch vụ Backlink,Chênh lệch số liệu nhỏ,"Bảng tỷ lệ anchor lệch nhẹ so với 1 vài nguồn khác (Digicom brand 60-70% vs gobranding 40-45%) - không phải lỗi cấu trúc, đúng dạng SERP",TB,Nhanh
/trust-flow/,Trust Flow Là Gì? Chỉ Số Majestic Và Cách Dùng,Backlink knowledge base,Đo lường & chỉ số SEO (độc lập),Không có gap nghiêm trọng,"Khớp dạng SERP, có thêm TF/CF ratio + Topical TF vượt đối thủ",Thấp,Nhanh
/page-authority/,Page Authority (PA) Là Gì? Khi Nào PA Quan Trọng Hơn DA,Backlink knowledge base,Đo lường & chỉ số SEO (độc lập),Không có gap nghiêm trọng,"Khớp dạng SERP, có bảng so sánh PA/DA là điểm mạnh",Thấp,Nhanh
/domain-rating/,Domain Rating (DR) Là Gì? Benchmark Ngành và Cách Tăng DR Thực Chiến,Backlink knowledge base,Đo lường & chỉ số SEO (độc lập),Thiếu external link E-E-A-T,"Chỉ nhắc tên Ahrefs/Moz/Majestic, không link; đối thủ vinahost.vn link thẳng Ahrefs + 2 tool free khác",TB,Sâu
/domain-authority/,Domain Authority (DA) Là Gì? So Sánh DA vs DR và Cách Tăng DA Bền Vững,Backlink knowledge base,Đo lường & chỉ số SEO (độc lập),Thiếu external link E-E-A-T,"Đối thủ link trực tiếp Moz Link Explorer/MozBar, Digicom chỉ nhắc tên - vi phạm rule external-link-eeat.md",TB,Sâu
/citation-flow/,Citation Flow Là Gì? Chỉ Số Majestic và TF/CF Ratio,Backlink knowledge base,Đo lường & chỉ số SEO (độc lập),Không có gap nghiêm trọng,"Có case study TF/CF ratio, vượt trội đối thủ",Thấp,Nhanh
/trao-doi-backlink/,Trao Đổi Backlink An Toàn: Mô Hình Và Quy Trình Thực Chiến,Backlink knowledge base,Dịch vụ Backlink,Thiếu external link E-E-A-T,Cảnh báo Link Scheme/Penguin nhưng không link nguồn chính thức; đối thủ seoviet.vn link thẳng chính sách chống spam Google,Cao,Sâu
/phan-mem-di-back-link/,Phần Mềm Đi Backlink: Review Top Tool Tự Động Tốt Nhất,Backlink knowledge base,Dịch vụ Backlink,Mâu thuẫn định vị thương hiệu,"Quảng bá tool rủi ro cao (GSA SER, Scrapebox - gắn PBN/spam) trong khi Digicom định vị ""Không PBN""",TB,Nhanh
/kiem-tra-backlink/,Kiểm Tra Backlink: Top Công Cụ Và Hướng Dẫn Chi Tiết,Backlink knowledge base,Dịch vụ Backlink,Thiếu external link E-E-A-T + nội dung mỏng hơn đối thủ,"Trích ""Brian Dean"", ""John Mueller"" + số liệu ""hơn 90%"" không có link nguồn (case gốc trong rule dự án, chưa sửa); đối thủ có 15 tool kèm bảng so sánh, Digicom chỉ 5",Cao,Sâu
/dien-dan-di-backlink/,"Danh Sách 43 Diễn Đàn Đi Backlink Còn Sống, Đã Đo DR Thật (7/2026)",Backlink knowledge base,Dịch vụ Backlink,Nội dung mỏng hơn đối thủ dẫn đầu (số lượng),"Đã đúng intent danh sách + DR thật, minh bạch loại link chết - vượt trội phanmemmkt.vn nhưng vẫn ít hơn danaseo.net (100 diễn đàn)",Thấp,Sâu
/dich-vu-backlink-tong-quan/,"Dịch Vụ Backlink Báo Chí: Không PBN, Index Bền Vững",Backlink knowledge base,Dịch vụ Backlink,Trùng lặp/cannibalization + giá không khớp hệ thống chính,"Thực chất trang bán hàng (~8.000 từ, 3 gói giá riêng 3.5-15tr+) trùng chức năng pillar /dich-vu-backlink/, giá không khớp CPT dgc_gia - rủi ro 2 nguồn giá mâu thuẫn. CẦN HIẾU QUYẾT ĐỊNH: gộp vào pillar hay xoá/redirect",Cao,Nhanh
/di-backlink-cho-fanpage/,Đi Backlink Cho Fanpage: Bí Kíp SEO Ký Sinh Hiệu Quả,Backlink knowledge base,Backlink Social Entity,Lệch một phần intent,"SERP top là hướng dẫn cơ bản, bài Digicom đi sâu 4 mô hình nâng cao - phức tạp hơn nhu cầu phổ biến",TB,Nhanh
/backlink-dofollow-va-nofollow/,Backlink Dofollow Và Nofollow: So Sánh Chi Tiết,Backlink knowledge base,Kỹ thuật đi backlink (độc lập),Không có gap nghiêm trọng,"Có bảng so sánh + code HTML + quiz, dài/trực quan hơn 2 đối thủ top",Thấp,Sâu
/back-link-hieu-qua/,Cách Đi Backlink Hiệu Quả: 7 Kỹ Thuật Thực Chiến,Backlink knowledge base,Dịch vụ Backlink,Không có gap nghiêm trọng,"Có ma trận 5 tiêu chí + bảng đo ROI, khớp dạng SERP",Thấp,Nhanh
/back-link-gov/,Backlink Gov Edu: Sự Thật Về Các Danh Sách Đang Lan Truyền,Backlink knowledge base,Rủi ro & tuân thủ backlink (độc lập),Đã tuân thủ - không có gap,"Xác nhận trên live có H2 ""hành vi vi phạm pháp luật"" + từ chối bán dứt khoát, đã sửa đúng theo rule 2026-07-20",Thấp,Nhanh
/back-link-chat-luong/,Backlink Chất Lượng Cao: Tiêu Chí Đánh Giá Và Xây Dựng,Backlink knowledge base,Dịch vụ Backlink,Thiếu info gain/số liệu + thiếu external link E-E-A-T,"Không trích số liệu/nghiên cứu; đối thủ eqvn.net trích Backlinko ""gấp 3,8 lần"" kèm ví dụ Forbes/Wikipedia",TB,Sâu
/backlink/,Backlink Là Gì? Hướng Dẫn A-Z Xây Dựng Backlink Chất Lượng,Backlink knowledge base,Dịch vụ Backlink,Thiếu 1 framework chuẩn ngành,"Bài đã rất đầy đủ (8.500-9.000 từ, external link chuẩn) nhưng thiếu mục ""3 mô hình backlink"" (Wheel/Pyramid/Star) mà 2 đối thủ top đều có",TB,Sâu
/spambrain/,SpamBrain Google: Thuật Toán AI Chống Spam Là Gì?,Backlink knowledge base,Rủi ro & tuân thủ backlink (độc lập),Không có gap nghiêm trọng,"Khớp dạng định nghĩa + lịch sử đúng mốc (2018, công bố tên 4/2022), có thêm quy trình audit",Thấp,Nhanh
/google-penguin/,"Google Penguin Là Gì? Lịch Sử 5 Phiên Bản, Dấu Hiệu Bị Phạt và Quy Trình Phục Hồi",Backlink knowledge base,Rủi ro & tuân thủ backlink (độc lập),Không có gap nghiêm trọng,"Liệt kê chi tiết 5 phiên bản (1.0-4.0 + real-time), đầy đủ hơn phần lớn đối thủ",Thấp,Nhanh
/url-chuan-seo/,"URL Chuẩn SEO: Cấu Trúc, 10 Ví Dụ Thực Tế",On-page & Content SEO,Technical SEO,Không có,"Bài đã có bảng 10 ví dụ + redirect 301, sâu hơn phần lớn đối thủ (VTC Academy, GTVseo, Mona). Không phát hiện gap.",Thấp,Nhanh
/topic-cluster/,Topic Cluster SEO: Hub-and-Spoke,On-page & Content SEO,Chiến lược nội dung & Topical Authority (gộp cùng pillar-page),Thiếu checklist thực hành,"Digicom có case study thật (keyword top10 3→27, traffic 180→1.240/tháng). Đối thủ có bảng checklist theo dõi cluster để tải/áp dụng ngay - Digicom chỉ liệt kê tool, không có template.",Thấp,Sâu
/toi-uu-heading-seo/,H1 H2 H3 SEO,On-page & Content SEO,Giữ nguyên,Không có,"Đối thủ dừng ở ""3-5 H2 chứa keyword""; Digicom có thêm 5 lỗi thực tế + liên hệ featured snippet - đã vượt đối thủ.",Thấp,Nhanh
/title-tag-seo/,Title Tag SEO: 7 Cấu Trúc Theo Intent,On-page & Content SEO,Giữ nguyên,Không có,Đối thủ chỉ nêu độ dài chung; Digicom có 7 cấu trúc theo intent + 10 lỗi kèm ví dụ sai/đúng.,Thấp,Nhanh
/thin-content/,Thin Content Là Gì?,On-page & Content SEO,Giữ nguyên,Không có,"Digicom có 5 loại theo phân loại Google + quy trình identify bằng Screaming Frog/GA4, đối thủ chỉ định nghĩa chung.",Thấp,Nhanh
/schema-markup/,Schema Markup: 10 Loại Quan Trọng,On-page & Content SEO,Technical SEO / Structured Data,Thiếu độ sâu + thiếu ví dụ thực tế,"Bài Digicom chỉ 2.248 từ, 1 khối JSON-LD. Đối thủ (gtvseo 8.000-10.000 từ) có code JSON-LD 80+ dòng, case study tên thật (Vinamilk, TOTO), số liệu CTR +58% vs +41%; đối thủ khác hướng dẫn cả 3 định dạng JSON-LD/RDFa/Microdata + nhiều loại schema hơn.",Cao,Sâu
/pillar-page/,Pillar Page Là Gì?,On-page & Content SEO,Chiến lược nội dung & Topical Authority (gộp cùng topic-cluster),Thiếu ví dụ thực hành + checklist,Đối thủ dựng ví dụ xuyên suốt bằng công ty giả định đi từng bước + checklist liên kết nội bộ. Digicom chỉ 1 câu tham chiếu HubSpot chung chung.,TB,Sâu
/on-page-seo/,On-Page SEO Là Gì? Checklist 20 Điểm,On-page & Content SEO,Giữ nguyên (đúng vai trò pillar),Thiếu minh hoạ trực quan + số liệu chưa gắn nguồn,"3.349 từ, 8 H2, 7 bảng nhưng 0 ảnh thật; đối thủ (ngắn hơn) vẫn có 11 hình minh hoạ. Bảng ""Lỗi On-Page phổ biến"" có 10 số liệu % không gắn nguồn. Điểm mạnh: mục GEO/AI Search mà đối thủ không có.",TB,Sâu
/meta-description/,Meta Description Chuẩn SEO,On-page & Content SEO,Giữ nguyên,Không có,Đối thủ chỉ nêu độ dài chung; Digicom có 4 template theo intent + 5 cặp ví dụ tốt/xấu.,Thấp,Nhanh
/internal-link/,Internal Link SEO: 3 Mô Hình,On-page & Content SEO,"Cân nhắc tách ""Internal Link & Site Structure""",Thiếu minh hoạ trực quan + thiếu độ sâu,"2.650 từ, 2 bảng, 0 ảnh/sơ đồ minh hoạ 3 mô hình - toàn chữ. Đối thủ có 15+ hình trực quan hoá 3 mô hình + case study + số liệu, hoặc sơ đồ + hướng dẫn 5-7 bước Screaming Frog.",Cao,Sâu
/featured-snippet/,Featured Snippet Là Gì?,On-page & Content SEO,SERP Features,Phân cụm (không phải gap nội dung),"Digicom phân 4 loại + mục AI Overview 2026, không thiếu nội dung, chỉ lệch bản chất chủ đề (hiện tượng SERP, không phải on-page kỹ thuật).",TB,Nhanh
/duplicate-content/,Duplicate Content SEO,On-page & Content SEO,Technical SEO,Phân cụm (không phải gap nội dung),Đối thủ đều xoay quanh giải pháp kỹ thuật (301/canonical/noindex) giống Digicom; chỉ lệch cụm (thiên kỹ thuật hơn content).,TB,Nhanh
/do-dai-noi-dung-seo/,Độ Dài Nội Dung SEO,On-page & Content SEO,Giữ nguyên,Không có,"Digicom dẫn cụ thể dữ liệu Backlinko 1.447 từ kèm giải thích, sâu hơn đối thủ (chỉ nêu range chung).",Thấp,Nhanh
/content-seo/,Content SEO: Framework 4 Giai Đoạn,On-page & Content SEO,Giữ nguyên làm pillar tổng,Thiếu phân loại & ví dụ theo ngành,"Đối thủ có mục ""Các dạng content chuẩn SEO ở Top 10"" với 8+ ví dụ theo ngành + case study thật + bảng so sánh Content SEO vs Content Marketing. Digicom không có.",TB,Sâu
/content-gap/,Content Gap Analysis,On-page & Content SEO,Content Strategy,Phân cụm (không phải gap nội dung),"Đối thủ mô tả quy trình dùng Ahrefs Content Gap tương tự Digicom - khớp dạng, chỉ lệch chủ đề (chiến lược, không phải on-page kỹ thuật).",TB,Nhanh
/semrush/,"SEMrush Là Gì? Tính Năng, Giá 2026 và Cách Dùng",Công cụ & Đo lường SEO,Công cụ SEO,Giá/gói lỗi thời,"Bài ghi Pro $139,95/Guru $249,95/Business $499,95. Verify semrush.com/prices/: trang giá MẶC ĐỊNH hiện nay là ""Semrush One"" (SEO $139/Starter $199/Pro+ $299/Advanced $549, bundle AI Visibility Toolkit). Gói cũ vẫn tồn tại nhưng không còn mặc định - bài không hề nhắc Semrush One.",Cao,Sâu
/screaming-frog/,Screaming Frog: Công Cụ Technical SEO Thực Chiến,Công cụ & Đo lường SEO,Công cụ SEO,Không phát hiện gap lớn,"Free 500 URL, trả phí £259/năm - khớp cấu trúc giá hiện nay.",Thấp,Nhanh
/organic-traffic/,Organic Traffic Là Gì?,Công cụ & Đo lường SEO,Chỉ số & Đo lường SEO,Không phát hiện gap lớn,"Dùng đúng GA4, có benchmark, đã giải thích nghịch lý ""rank tăng traffic giảm"" do AI Overview - còn thời sự.",Thấp,Nhanh
/majestic-seo/,Majestic SEO Là Gì?,Công cụ & Đo lường SEO,Công cụ SEO,Chưa verify - rủi ro giá lỗi thời,"Ghi Lite $49/Pro $99/API $399/mo - CHƯA đối chiếu trực tiếp majestic.com (nhóm nhanh), cần Hiếu tự kiểm nếu muốn chắc 100%.",TB,Nhanh
/impression-seo/,Impression SEO Là Gì?,Công cụ & Đo lường SEO,Chỉ số & Đo lường SEO,Thiếu tính năng mới,"Chưa cập nhật report GSC mới (AI Performance report, ra mắt 3/6/2026) - cùng gốc gap với /google-search-console/.",TB,Nhanh
/google-search-console/,7 Báo Cáo Quan Trọng Nhất GSC,Công cụ & Đo lường SEO,Công cụ SEO,Thiếu tính năng mới,"Google ra mắt ""AI Performance report"" (AI Overviews/AI Mode impressions) ngày 3/6/2026 - báo cáo lớn nhất kể từ Core Web Vitals. Bài cập nhật 28/4/2026 (trước mốc này) thiếu hẳn report mới.",Cao,Sâu
/google-analytics-seo/,Google Analytics 4 Cho SEO,Công cụ & Đo lường SEO,Chỉ số & Đo lường SEO,Không phát hiện gap lớn,"Giải thích đúng mô hình event-based GA4, không còn dư âm Universal Analytics (khai tử 2023).",Thấp,Nhanh
/ctr-seo/,CTR SEO Là Gì?,Công cụ & Đo lường SEO,Chỉ số & Đo lường SEO,Không phát hiện gap lớn,"Benchmark CTR 2026 tách riêng ""có/không AI Overview"" theo vị trí, trích nguồn Backlinko/First Page Sage - info gain đối thủ thường thiếu.",Thấp,Nhanh
/cong-cu-seo-mien-phi/,15 Công Cụ SEO Miễn Phí,Công cụ & Đo lường SEO,Công cụ SEO,Tính năng/giá lỗi thời (nghi vấn),"Ghi Ubersuggest ""Free 3 searches/ngày"" - có tín hiệu model đã đổi từ ~6/2026 nhưng WebFetch neilpatel.com bị chặn 403, không tự verify được số mới.",TB,Sâu
/cong-cu-keyword-research/,Công Cụ Keyword Research: So Sánh 8 Tool,Công cụ & Đo lường SEO,Công cụ SEO,Giá KHÔNG NHẤT QUÁN nội bộ site,"Ghi ""Ahrefs $99/tháng, SEMrush $117/tháng"" trong khi 2 bài chính chủ cùng site (/ahrefs/, /semrush/) verify đúng $129 và $139,95 - tự mâu thuẫn nội bộ, dễ bị khách phát hiện.",Cao,Nhanh
/bounce-rate-seo/,Bounce Rate SEO,Công cụ & Đo lường SEO,Chỉ số & Đo lường SEO,Không phát hiện gap lớn,Giải thích đúng GA4 thay Bounce Rate bằng Engagement Rate - chuẩn xác.,Thấp,Nhanh
/ahrefs/,Ahrefs Là Gì?,Công cụ & Đo lường SEO,Công cụ SEO,Thiếu gói (nhẹ),Giá Lite/Standard/Advanced $129/$249/$449 KHỚP CHÍNH XÁC ahrefs.com/pricing (verify 2 lần). Chỉ thiếu nhắc Starter $29 và Enterprise $1.499.,Thấp,Sâu
/ahrefs-vs-semrush/,Ahrefs vs SEMrush 2026,Công cụ & Đo lường SEO,Công cụ SEO,Giá/gói lỗi thời,"Dùng giá Semrush Pro $139,95 (gói cũ) không đề cập ""Semrush One"" mới - cùng gốc gap /semrush/, nghiêm trọng hơn vì đây là bài SO SÁNH GIÁ trực tiếp, độc giả dễ đối chiếu phát hiện sai lệch.",Cao,Sâu
/seo-la-gi/,SEO Là Gì? Toàn Tập A-Z Cho Doanh Nghiệp 2026,SEO Tổng quan & Lộ trình,Giữ nguyên,Độ dài + visual,"Đối thủ top thật seongon.com/blog/seo/seo-la-gi.html dài ~8.000-10.000 từ (gấp 2-2,5 lần bài Digicom ~3.500-4.000 từ), có 10+ ảnh/sơ đồ minh hoạ + ví dụ ẩn dụ đời thường (""bánh mì online""); Digicom chỉ 1 ảnh đại diện, không sơ đồ. Cả 2 đều thiếu external link ra Google Search Central - Digicom có thể vượt lên bằng cách bổ sung link này (đúng rule external-link-eeat.md của chính dự án nhưng chưa áp cho bài này).",Cao,Sâu
/hoc-seo/,Học SEO: Lộ Trình 6 Tháng Thực Chiến Cho Người Bắt Đầu,SEO Tổng quan & Lộ trình,Giữ nguyên,External link uy tín + nguồn số liệu,"gtvseo.com/huong-dan-seo-web/ dài ~12.000-15.000 từ, trích số liệu có nguồn (Advanced Web Ranking, Netmarketshare) + quote John Mueller (Google) + link Google Search Console/Developers/Ahrefs. Bài Digicom không có external link nào, số liệu (lương 8-20tr...) không dẫn nguồn. Điểm mạnh: cấu trúc lộ trình theo tháng đã vượt imta.edu.vn (10 giai đoạn nhưng không có mốc thời gian).",TB,Sâu
/eeat-seo/,"E-E-A-T SEO: Định Nghĩa, Cách Google Đánh Giá và 10 Tín Hiệu Implement 2026",SEO Tổng quan & Lộ trình,Giữ nguyên,Thiếu external link nguồn gốc khái niệm + case study không kiểm chứng được,"Bài KHÔNG có link nào tới google.com/developers.google.com dù nhắc ""Search Quality Rater Guidelines"" bằng chữ suông. Đối thủ seosona.com có link thẳng PDF Google Guidelines + case Google ""Medic update"" 2018 có tên + timeline E-A-T→E-E-A-T 2013-2022. Digicom chỉ có case nội bộ chung chung (""200+ dự án"") không kiểm chứng được.",Cao,Sâu
/quy-trinh-seo/,Quy Trình SEO 7 Bước: Lộ Trình Thực Chiến Từ Audit Đến Kết Quả,SEO Tổng quan & Lộ trình,Giữ nguyên,Cấu trúc thiếu bước + thiếu mục AI/GEO,"SERP đang do bài 10 bước thống trị (gtvseo.com, foogleseo.com cập nhật 06/2026) trong khi Digicom chỉ 7 bước, gộp chung ""phân tích đối thủ/topic cluster/schema"" vào 1 bước. Đối thủ foogleseo có hẳn mục riêng ""Content SEO cho AI"" (tối ưu AI Overview) - Digicom chưa có mục này dù đây là info gain thời sự nhất 2026.",TB,Sâu
/viet-bai-seo/,Viết Bài SEO: Quy Trình 7 Bước Chuẩn Agency,SEO Tổng quan & Lộ trình,SEO On-page / Content SEO,Checklist mỏng + thiếu case study có tên,"Digicom có checklist 13 mục kỹ thuật; đối thủ seongon.com/blog/seo/viet-bai-chuan-seo.html có 33+ tiêu chí chia 7 hạng mục và có case cụ thể có tên (LPBank, ""trị hăm tã"") - Digicom không có case nào có tên/số liệu thật.",TB,Nhanh
/toc-do-website-seo/,Tốc Độ Website và SEO: Checklist 12 Bước Tăng Tốc WordPress Thực Chiến,SEO Tổng quan & Lộ trình,SEO Kỹ thuật (Technical SEO),Gap nhỏ,"Đã khá đầy đủ (checklist 12 bước, bảng so sánh hosting, TTFB). Chưa có mục riêng CDN/lazy loading như đối thủ gobranding.com.vn; stat bounce rate đối thủ mới hơn (72% mobile bỏ trang nếu chờ >5s, 55% desktop >3s).",Thấp,Nhanh
/seo-website/,SEO Website Là Gì? Checklist 10 Điểm Bắt Đầu Đúng,SEO Tổng quan & Lộ trình,Giữ nguyên,Không phát hiện gap lớn,"Có góc tiếp cận riêng (3 tình huống: site mới/cũ trì trệ/bị phạt) + bảng so sánh SEO vs Google Ads + số liệu dẫn nguồn (Backlinko) - vượt trội đối thủ top hiện tại (matbao, gobranding, haravan).",Thấp,Nhanh
/seo-hinh-anh/,SEO Hình Ảnh: Checklist 8 Bước Tối Ưu Ảnh Đúng Chuẩn từ Tên File đến Schema,SEO Tổng quan & Lộ trình,SEO On-page / Content SEO,Số lượng kỹ thuật ít hơn top đối thủ,"Digicom: 8 bước, có bảng so sánh WebP/JPEG/AVIF + ví dụ alt text đúng/sai - CHẤT LƯỢNG hơn seodo.vn (18 kỹ thuật nhưng không so sánh định dạng ảnh, không ví dụ alt text). Nhưng SỐ LƯỢNG ít hơn (8 vs 18) - nên bổ sung schema ImageObject, sitemap ảnh, srcset responsive.",TB,Nhanh
/cac-loai-seo/,Các Loại SEO: Phân Biệt 5 Nhóm Chính và Cách Áp Dụng Đúng,SEO Tổng quan & Lộ trình,Giữ nguyên,Thiếu 2 loại + thiếu phân loại theo phương pháp,"Digicom liệt kê 5 nhóm. Đối thủ seohot.vn/cac-loai-hinh-seo/ liệt kê 7 loại (thêm SEO Content, SEO Mobile) VÀ có mục ""SEO Mũ Trắng vs SEO Mũ Đen"" mà Digicom hoàn toàn chưa có - khái niệm rất phổ biến trong intent này.",Cao,Sâu
/technical-seo/,Technical SEO Là Gì? Hướng Dẫn Đầy Đủ 2026 (Framework 5 Nhóm + Checklist Audit 25 Điểm),Technical SEO,Technical SEO,Nội dung không kiểm chứng được / lệch scope dịch vụ,"Case study ""DigicomVN cải thiện Lighthouse Score từ 45 lên 89"" cho khách B2B tài chính ẩn danh, traffic +214%, số liệu rất cụ thể (847 URL pagination, LCP 8.2s→2.1s) không kiểm chứng được; Digicom hiện chỉ bán 4 dịch vụ off-page (dich-vu.md), không bán audit/tối ưu technical - claim lệch phạm vi dịch vụ thật. Phụ: checklist điểm 10 ""hreflang"" không có link giải thích.",Cao,Sâu
/sitemap-xml/,Sitemap XML: 4 Loại và Cấu Hình Chuẩn,Technical SEO,Technical SEO,Thiếu chi tiết kỹ thuật nhỏ,Không giải thích lastmod cần định dạng ISO 8601; có nhắc changefreq/priority nhưng không nói rõ Google đã bỏ qua 2 trường này từ lâu. Nội dung cốt lõi đã đúng/đủ.,Thấp,Nhanh
/robots-txt-seo/,(chủ đề Robots.txt SEO),Technical SEO,Technical SEO,Thiếu chi tiết kỹ thuật,"Không thấy nhắc directive crawl-delay - directive Google HIỆN KHÔNG hỗ trợ, nhiều bài cũ vẫn dạy sai. Phần phân biệt robots.txt vs noindex, cảnh báo chặn nhầm CSS/JS đã đầy đủ, chính xác.",Thấp,Nhanh
/redirect-301-302/,(chủ đề Redirect 301/302),Technical SEO,Technical SEO,Không phát hiện gap đáng kể,"Đã có bảng so sánh 301/302/307/308, giải thích redirect chain mất ~15% link equity/hop kèm cách phát hiện bằng Screaming Frog.",Thấp,Nhanh
/mobile-first-indexing/,(chủ đề Mobile-First Indexing),Technical SEO,Technical SEO,Không có gap đáng kể,"Trích đúng mốc ""10/2023 Google chuyển 100% sang mobile-first indexing"", không dùng ngôn ngữ lỗi thời; có mục Core Web Vitals mobile đúng ngưỡng. Bài chuẩn, có thể dùng làm mẫu cho các bài khác trong cụm.",Thấp,Nhanh
/https-seo/,(chủ đề HTTPS SEO Migration),Technical SEO,Technical SEO,Thiếu nội dung kỹ thuật cốt lõi,"Bài KHÔNG nhắc HSTS (HTTP Strict Transport Security) dù là khái niệm bắt buộc phải có với chủ đề này; cũng không khuyến nghị TLS tối thiểu 1.2+. Chỉ nhắc loại SSL certificate, mixed content, HTTP/2 - phần này đã ổn.",Cao,Nhanh
/crawl-budget/,Crawl Budget Là Gì? 5 Kẻ Thù Lớn Nhất và Cách Tối Ưu,Technical SEO,Technical SEO,Sai kỹ thuật / trích dẫn bịa gán cho Google,"(1) Ghi ""dưới 500 trang hiếm khi là vấn đề"", ""quan trọng khi trên 1.000 trang"" - tài liệu chính thức Google nêu ngưỡng thật là site >1 triệu trang thay đổi hàng tuần hoặc >10.000 trang thay đổi hàng ngày, thấp hơn thực tế 10-1.000 lần. (2) Trích trong ngoặc kép câu gán cho Google nhưng câu gốc của Google không có cụm đó - trích dẫn bịa/diễn giải sai. (3) Thiếu log file analysis, không có case study VN.",Cao,Sâu
/core-web-vitals/,"Core Web Vitals Là Gì? Hướng Dẫn LCP, INP, CLS và Cách Tối Ưu",Technical SEO,Technical SEO,Thiếu độ sâu thực chiến (KHÔNG lỗi thời FID/INP),"Đã cập nhật đúng: có H2 riêng ""INP thay thế FID từ 3/2024"" đúng ngày 12/3/2024, FID chỉ xuất hiện ở ngữ cảnh lịch sử, ngưỡng LCP/INP/CLS đúng chuẩn. Gap còn lại: thiếu ví dụ code cụ thể (preload, lazy loading) và case study định lượng; chỉ 2 internal link - mỏng so với vai trò bài trụ.",TB,Sâu
/canonical-tag/,(chủ đề Canonical Tag),Technical SEO,Technical SEO,Không có gap lớn,"Đã nói đúng self-referencing canonical, phân biệt canonical (hint) vs noindex (directive), cảnh báo canonical loop, xử lý đúng case pagination và URL có tham số.",Thấp,Nhanh
/thuat-toan-google/,Thuật Toán Google: Lịch Sử & 20+ Bản Cập Nhật Quan Trọng,Thuật toán & Cập nhật Google,Giữ nguyên,Thiếu cập nhật mới nhất,"Bài đăng 28/04/2026, dừng ở ""Core Update tháng 3/2026"", THIẾU May 2026 Broad Core Update (21/5-2/6/2026) và June 2026 Spam Update (24/6/2026) - 2 sự kiện lớn xảy ra sau đăng bài. Đây là bài ""lịch sử cập nhật"" nên phải cập nhật nhanh nhất site.",Cao,Sâu
/rankbrain/,RankBrain: Thuật Toán ML Của Google Giải Thích,Thuật toán & Cập nhật Google,Giữ nguyên,"Nội dung thiên lịch sử, thiếu tính hành động 2026","Xoay quanh công nghệ ra mắt 2015 (11 năm tuổi), thiếu ứng dụng thực chiến 2026.",Thấp,Nhanh
/helpful-content-update/,Helpful Content Update: Toàn Bộ Điều Cần Biết,Thuật toán & Cập nhật Google,Giữ nguyên,Ổn định nhưng nên gắn case study mới,"HCU đã sáp nhập Core Update từ 3/2024 nên nội dung vẫn đúng, nhưng nên bổ sung ví dụ từ Core Update 5/2026 + Spam Update 6/2026.",TB,Sâu
/google-panda/,"Google Panda: Lịch Sử, Cơ Chế và Bài Học",Thuật toán & Cập nhật Google,Giữ nguyên,Không đáng kể,"Panda sáp nhập core từ 2016, nội dung ổn định vì không còn cập nhật độc lập.",Thấp,Nhanh
/google-core-update/,Google Core Update Là Gì? Lịch Sử và Cách Ứng Phó,Thuật toán & Cập nhật Google,Giữ nguyên,Thiếu cập nhật mới nhất - NGHIÊM TRỌNG NHẤT,"Đây LÀ trang chuyên về Core Update nhưng danh sách dừng ở March 2026, THIẾU May 2026 Broad Core Update (core update lớn thứ 2 trong năm, chỉ 3 tuần sau khi bài đăng). Gap nghiêm trọng nhất vì đúng trọng tâm chủ đề trang.",Cao,Sâu
/bert-seo/,BERT SEO Là Gì? Ảnh Hưởng Đến Google,Thuật toán & Cập nhật Google,Giữ nguyên,Không đáng kể,Nội dung ổn định vì BERT không còn cập nhật độc lập từ 2019.,Thấp,Nhanh
/spambrain/,SpamBrain Google: Thuật Toán AI Chống Spam,Thuật toán & Cập nhật Google,Giữ nguyên,Thiếu cập nhật + thiếu nội dung AI-spam,"Chỉ dừng ở nâng cấp 2022-2023, THIẾU June 2026 + March 2026 Spam Update. Cũng KHÔNG đề cập chính sách SpamBrain xử lý AI-generated spam/scaled content abuse - trọng tâm chính sách spam 2024-2026.",Cao,Nhanh
/google-penguin/,Google Penguin Là Gì? Cách Phát Hiện & Phục Hồi,Thuật toán & Cập nhật Google,Giữ nguyên,Không đáng kể,Nội dung ổn định vì không còn phiên bản Penguin mới từ 2016.,Thấp,Nhanh
/seo-dia-phuong/,SEO Địa Phương: Chiến Lược Cho 5 Loại Doanh Nghiệp,SEO Local,Giữ nguyên (theo dõi trùng lặp),Trùng lặp nội dung tiềm ẩn (cannibalization),"Cùng ngày đăng với /local-seo/, cùng chủ đề Local SEO - 2 slug (VN ""seo-dia-phuong"" và EN ""local-seo"") của cùng khái niệm dễ pha loãng tín hiệu nếu chưa xác nhận internal link 2 chiều phân vai rõ ràng.",TB,Nhanh
/local-seo/,Local SEO Là Gì? Hướng Dẫn Toàn Diện,SEO Local,Giữ nguyên,"Đúng thuật ngữ GBP, rủi ro trùng cụm","Dùng đúng ""Google Business Profile"" chuẩn. Gap duy nhất là khả năng cannibalization với /seo-dia-phuong/.",TB,Sâu
/google-my-business/,Google My Business: Tối Ưu GBP Từ A-Z,SEO Local,Giữ nguyên,Tên cũ (GMB) vẫn ở H1/tiêu đề chính,"H1 dẫn đầu bằng tên thương hiệu đã khai tử ""Google My Business"" (đổi tên GBP từ 11/2021). Thân bài đã ưu tiên GBP nhưng tiêu đề/slug vẫn giữ tên cũ.",TB,Sâu
/nap-seo/,NAP SEO Là Gì? Tầm Quan Trọng,SEO Local,Giữ nguyên,Không đáng kể,"Dùng đúng ""Google Business Profile"" xuyên suốt, đạt chuẩn thuật ngữ 2026.",Thấp,Nhanh
/local-citations/,Local Citations: 20 Directory VN,SEO Local,Giữ nguyên,Không đáng kể,"Dùng đúng GBP, đạt chuẩn thuật ngữ 2026.",Thấp,Nhanh
/google-maps-seo/,Google Maps SEO: Tối Ưu Local Pack,SEO Local,Giữ nguyên,Sai lệch nhỏ mốc thời gian đổi tên,"FAQ ghi GMB ""đổi tên GBP năm 2022"" - thực tế Google công bố đổi tên từ 11/2021. Sai lệch nhỏ mốc năm.",Thấp,Nhanh
