dich_vu,dau_bao,hang_muc,vi_tri,gia,so_link,quy_cach,so_ncc,gia_cao_nhat_thi_truong,ngay_cap_nhat,ma_ncc
backlink-quocte,forbes.com,Backlink quoc te,DA 90+,192290000,1 link dofollow,Guest post Forbes - do-follow,1,192290000,2026-07-29,
backlink-quocte,entrepreneur.com,Backlink quoc te,DA 90,103740000,1 link dofollow,Guest post Entrepreneur - do-follow,1,103740000,2026-07-29,
backlink-quocte,nytimes.com,Backlink quoc te,DA 90,95070000,1 link dofollow,Guest post New York Times,1,95070000,2026-07-29,
backlink-quocte,bloomberg.com,Backlink quoc te,DA 90,61750000,1 link dofollow,Bai PR Bloomberg,1,61750000,2026-07-29,
backlink-quocte,usatoday.com,Backlink quoc te,DA 90,59280000,1 link dofollow,Bai PR USA Today,1,59280000,2026-07-29,
backlink-quocte,wsj.com,Backlink quoc te,DA 90,59280000,1 link dofollow,Bai PR Wall Street Journal,1,59280000,2026-07-29,
backlink-quocte,bbc.com,Backlink quoc te,DA 90,59280000,1 link dofollow,Bai PR BBC News,1,59280000,2026-07-29,
backlink-quocte,cnbc.com,Backlink quoc te,DA 90,59280000,1 link dofollow,Bai PR CNBC,1,59280000,2026-07-29,
backlink-quocte,msn.com,Backlink quoc te,DA 90,22230000,1 link dofollow,Bai PR MSN,1,22230000,2026-07-29,
backlink-quocte,cnet.com,Backlink quoc te,DA 90,20748000,1 link dofollow,Guest post CNET,1,20748000,2026-07-29,
backlink-quocte,businessinsider.com,Backlink quoc te,DA 94,18500000,1 link dofollow,Guest post Business Insider,1,18500000,2026-07-29,
backlink-quocte,news.yahoo.com,Backlink quoc te,DA 90,14573000,1 link dofollow,Bai PR Yahoo News,1,14573000,2026-07-29,
backlink-quocte,benzinga.com,Backlink quoc te,DA 80,11115000,1 link dofollow,Bai PR Benzinga (tai chinh),1,11115000,2026-07-29,
backlink-quocte,apnews.com,Backlink quoc te,DA 90,8398000,1 link dofollow,Bai PR AP News,1,8398000,2026-07-29,
backlink-quocte,marketwatch.com,Backlink quoc te,DA 90,6150000,1 link dofollow,Bai PR MarketWatch,1,6150000,2026-07-29,
backlink-quocte,digitaljournal.com,Backlink quoc te,DA 80+,3680000,1 link dofollow,Bai PR Digital Journal,1,3680000,2026-07-29,
backlink-quocte,streetinsider.com,Backlink quoc te,DA 80,3211000,1 link dofollow,Bai PR Street Insider,1,3211000,2026-07-29,
backlink-quocte,zerohedge.com,Backlink quoc te,DA 80,1729000,1 link dofollow,Bai dang ZeroHedge,1,1729000,2026-07-29,
booking-pr,thanhnien.vn,Bai PR chuyen muc,Tiểu mục phù hợp,14725000,2 link no  (thêm 1 link/600k),"Bài PR dưới 1000 từ, dưới 3 ảnh",1,14725000,2026-07-29,1
booking-pr,vnexpress.net,Bai PR chuyen muc,Doanh nghiệp viết 3 - tồn tại theo domain,14535000,2 link no,"Bài PR dưới 1000 từ, dưới 3 ảnh",1,14535000,2026-07-29,1
booking-pr,vnexpress.net,Bai PR chuyen muc,Doanh nghiệp viết 2 - tồn tại 24 tháng,11210000,2 link no,"Bài PR dưới 1000 từ, dưới 3 ảnh",1,11210000,2026-07-29,1
booking-pr,tinhte.vn,Bai PR chuyen muc,Mục phù hợp,10355000,2 link nof,"Bài PR dưới 1000 từ, dưới 5 ảnh",1,10355000,2026-07-29,1
booking-pr,cafeland.vn,Bai PR chuyen muc,Mục phù hợp,10260000,1 link no,"Bài PR dưới 1000 từ, dưới 3 ảnh",1,10260000,2026-07-29,1
booking-pr,dantri.com.vn,Bai PR chuyen muc,Tiểu mục Nhóm 1,9975000,Mua 500k/link - 3 link 1tr,"Bài PR dưới 1000 từ, dưới 3 ảnh",1,9975000,2026-07-29,1
booking-pr,cafef.vn,Bai PR chuyen muc,"Chuyên mục 1 ((BDS, DN, Tài Chính - Ngân hàng, Chứng khoán. Smart Money)",9880000,,"Bài PR dưới 1000 từ, dưới 5 ảnh",1,9880000,2026-07-29,1
booking-pr,znews.vn,Bai PR chuyen muc,Tiểu mục,8930000,,,1,8930000,2026-07-29,1
booking-pr,dantri.com.vn,Bai PR chuyen muc,Tiểu mục Nhóm 2,8740000,Mua 500k/link - 3 link 1tr,"Bài PR dưới 1000 từ, dưới 3 ảnh",1,8740000,2026-07-29,1
booking-pr,vnexpress.net,Bai PR chuyen muc,"Giáo dục, số hóa",8740000,2 link no,"Bài PR dưới 1000 từ, dưới 3 ảnh",1,8740000,2026-07-29,1
booking-pr,dep.com.vn,Bai PR chuyen muc,Mục phù hợp,8645000,1tr/link,"Bài PR dưới 1000 từ, dưới 3 ảnh",1,8645000,2026-07-29,1
booking-pr,vtv.vn,Bai PR chuyen muc,Mục phù hợp,8550000,1 link nof,,1,8550000,2026-07-29,1
booking-pr,vnexpress.net,Bai PR chuyen muc,Doanh nghiệp viết 1 - tồn tại 6 tháng,7410000,2 link no,"Bài PR dưới 1000 từ, dưới 3 ảnh",1,7410000,2026-07-29,1
booking-pr,congthuong.vn,Bai PR chuyen muc,Tin,7125000,free 1 link BBT duyệt,"Bài PR dưới 500 từ, dưới 3 ảnh",1,7125000,2026-07-29,1
booking-pr,vneconomy.vn,Bai PR chuyen muc,Mục phù hợp,7125000,không chèn link,"Bài PR dưới 1000 từ, dưới 3 ảnh",1,7125000,2026-07-29,1
booking-pr,znews.vn,Bai PR chuyen muc,Tiểu mục,7030000,2 link no,"Bài PR dưới 1000 từ, dưới 3 ảnh",1,7030000,2026-07-29,1
booking-pr,cafef.vn,Bai PR chuyen muc,Chuyên mục nhóm 2 (CM còn lại),6745000,,"Bài PR dưới 1000 từ, dưới 5 ảnh",1,6745000,2026-07-29,1
booking-pr,cafebiz.vn,Bai PR chuyen muc,Bài thương hiệu,6650000,,"Bài PR dưới 1000 từ, dưới 5 ảnh",1,6650000,2026-07-29,1
booking-pr,thitruong.nld.com.vn,Bai PR chuyen muc,Mục phù hợp,6650000,1 link no,"Bài PR dưới 1000 từ, dưới 3 ảnh",1,6650000,2026-07-29,1
booking-pr,kenh14.vn,Bai PR chuyen muc,Xem-Mua-Luôn/Ăn- Quẩy-Đi/ Beauty&Fashion,6460000,,"Bài PR dưới 1000 từ, dưới 7 ảnh",1,6460000,2026-07-29,1
booking-pr,tuoitre.vn,Bai PR chuyen muc,Cần biết,6175000,không chèn link,"Bài PR dưới 1000 từ, dưới 5 ảnh",1,6175000,2026-07-29,1
booking-pr,nhandan.vn,Bai PR chuyen muc,Mục phù hợp,5890000,không chèn link,"Bài PR dưới 1000 từ, dưới 3 ảnh",1,5890000,2026-07-29,1
booking-pr,kenh14.vn,Bai PR chuyen muc,Xem - Ăn - Chơi,5795000,,"Bài PR dưới 1000 từ, dưới 7 ảnh",1,5795000,2026-07-29,1
booking-pr,vtv.vn,Bai PR chuyen muc,Mục phù hợp,5700000,Ko chèn link,"Bài PR dưới 1000 từ, dưới 3 ảnh",1,5700000,2026-07-29,1
booking-pr,laodong.vn,Bai PR chuyen muc,Thông tin doanh nghiệp,5700000,3tr/ link,"dưới 700 từ, dưới 3 ảnh",1,5700000,2026-07-29,1
booking-pr,autopro.com.vn,Bai PR chuyen muc,Chuyên mục,5225000,1 link no - thêm link 300k,"Bài PR dưới 1000 từ, dưới 5 ảnh",1,5225000,2026-07-29,1
booking-pr,congan.com.vn,Bai PR chuyen muc,Mục phù hợp,5225000,gắn link 500k/link,"Bài PR dưới 1000 từ, dưới 3 ảnh",1,5225000,2026-07-29,1
booking-pr,giaoducthoidai.vn,Bai PR chuyen muc,Mục phù hợp,5130000,1 link no,"Bài PR dưới 1000 từ, dưới 3 ảnh",1,5130000,2026-07-29,1
booking-pr,gamek.vn,Bai PR chuyen muc,Chuyên mục,5035000,1 link no,"Bài PR dưới 1000 từ, dưới 5 ảnh",1,5035000,2026-07-29,1
booking-pr,vietnamnet.vn,Bai PR chuyen muc,Tiểu mục,4750000,5tr/link no 3 tháng,"Bài PR dưới 1000 từ, dưới 3 ảnh",1,4750000,2026-07-29,1
booking-pr,webtretho.com,Bai PR chuyen muc,Mục phù hợp,4750000,2 link redirect,"Bài PR dưới 1000 từ, dưới 3 ảnh",1,4750000,2026-07-29,1
booking-pr,cafeland.vn,Bai PR chuyen muc,Tin ngắn,4560000,không chèn link,"400 từ, 1 ảnh",1,4560000,2026-07-29,1
booking-pr,24h.com.vn,Bai PR chuyen muc,PR loại 2 (Kinh doanh -  Thị trường tiêu dùng),4275000,3 link no,"Bài PR dưới 1000 từ, dưới 5 ảnh",1,4275000,2026-07-29,1
booking-pr,cafebiz.vn,Bai PR chuyen muc,Chuyên Mục,4275000,1 link no - thêm link 500k,"Bài PR dưới 1000 từ, dưới 3 ảnh",1,4275000,2026-07-29,1
booking-pr,vov.vn,Bai PR chuyen muc,Mục phù hợp,4275000,Không chèn link,"Bài PR dưới 1000 từ, dưới 3 ảnh",1,4275000,2026-07-29,1
booking-pr,ngoisao.vnexpress.net,Bai PR chuyen muc,Mục phù hợp,4275000,2 link no,"Bài PR dưới 1000 từ, dưới 3 ảnh",1,4275000,2026-07-29,1
booking-pr,yan.vn,Bai PR chuyen muc,Mục phù hợp,4275000,Ko chèn link,"Bài PR dưới 1000 từ, dưới 3 ảnh",1,4275000,2026-07-29,1
booking-pr,thethao247.vn,Bai PR chuyen muc,Mục phù hợp,4275000,1 link no,"Bài PR dưới 1000 từ, dưới 3 ảnh",1,4275000,2026-07-29,1
booking-pr,tienphong.vn,Bai PR chuyen muc,bài chuyên mục phù hợp,4180000,Free 1 link đuôi .vn - Mua thêm link 2tr/link,"Bài PR dưới 800 từ, dưới 2 ảnh",1,4180000,2026-07-29,1
booking-pr,phunutoday.vn,Bai PR chuyen muc,Mục phù hợp,3990000,2 link no,"Bài PR dưới 1000 từ, dưới 3 ảnh",1,3990000,2026-07-29,1
booking-pr,congluan.vn,Bai PR chuyen muc,chuyên mục phù hợp,3800000,1 link no,"Bài PR dưới 1000 từ, dưới 3 ảnh",1,3800000,2026-07-29,1
booking-pr,suckhoedoisong.vn,Bai PR chuyen muc,Mục phù hợp,3800000,1 link no,"Bài PR dưới 1000 từ, dưới 3 ảnh",1,3800000,2026-07-29,1
booking-pr,baodautu.vn,Bai PR chuyen muc,TT doanh nghiệp,3705000,1tr/link no,"Bài PR dưới 1000 từ, dưới 3 ảnh",1,3705000,2026-07-29,1
booking-pr,24h.com.vn,Bai PR chuyen muc,PR loại 2 (Thời trang Hitech/Công nghệ thông tin/Ô tô/Xe máy/Thể thao/Sức khỏe/Đẹp/Giải trí/Bạn trẻ cuộc sống/Ăn - Chơi/Giáo dục),3610000,3 link no,"Bài PR dưới 1000 từ, dưới 5 ảnh",1,3610000,2026-07-29,1
booking-pr,afamily.vn,Bai PR chuyen muc,Chuyên mục,3610000,1 link no,"Bài PR dưới 1000 từ, dưới 3 ảnh",1,3610000,2026-07-29,1
booking-pr,kenh14.vn,Bai PR chuyen muc,Tiểu mục ( Học đường/Công nghệ/Sao/Âm nhạc/Phim),3515000,1 link no - thêm link 300k,"Bài PR dưới 1000 từ, dưới 7 ảnh",1,3515000,2026-07-29,1
booking-pr,thanhnien.vn,Bai PR chuyen muc,PR cần biết,3515000,1link no (thêm 1 link/600k),"Bài PR 300 từ, 1 ảnh",1,3515000,2026-07-29,1
booking-pr,genk.vn,Bai PR chuyen muc,Chuyên mục,3515000,1 link no - thêm link 300k,"Bài PR dưới 1000 từ, dưới 5 ảnh",1,3515000,2026-07-29,1
booking-pr,eva.vn,Bai PR chuyen muc,Bài hot Tiểu mục,3515000,3 link no,"Bài PR dưới 1000 từ, dưới 5 ảnh",1,3515000,2026-07-29,1
booking-pr,congly.vn,Bai PR chuyen muc,Mục phù hợp,3420000,500k/Link,"Bài PR dưới 1000 từ, dưới 3 ảnh",1,3420000,2026-07-29,1
booking-pr,thitruong.nld.com.vn,Bai PR chuyen muc,Tin ngắn,3420000,1 link no,"400 từ, 1 ảnh",1,3420000,2026-07-29,1
booking-pr,yeah1.com,Bai PR chuyen muc,Tin chuyên mục,3325000,1 link no,"Bài PR dưới 1000 từ, dưới 3 ảnh",1,3325000,2026-07-29,1
booking-pr,vtcnews.vn,Bai PR chuyen muc,Mục doanh nghiệp - doanh nhân,3230000,1 link no đuôi .vn,"Bài PR dưới 1000 từ, dưới 3 ảnh",1,3230000,2026-07-29,1
booking-pr,vtcnews.vn,Bai PR chuyen muc,Trang tiểu mục,3230000,,"Bài PR dưới 1000 từ, dưới 3 ảnh",1,3230000,2026-07-29,1
booking-pr,phunuvietnam.vn,Bai PR chuyen muc,Mục phù hợp,3230000,500k/link no,"Bài PR dưới 1000 từ, dưới 3 ảnh",1,3230000,2026-07-29,1
booking-pr,saostar.vn,Bai PR chuyen muc,Mục phù hợp,3040000,2 link no,"Bài PR dưới 1000 từ, dưới 3 ảnh",1,3040000,2026-07-29,1
booking-pr,danviet.vn,Bai PR chuyen muc,Mục phù hợp,2850000,Mua 1 link nof/1tr6,"Bài PR dưới 1000 từ, dưới 3 ảnh",1,2850000,2026-07-29,1
booking-pr,nguoiquansat.vn,Bai PR chuyen muc,Chuyên mục,2755000,1 link nof (thêm link 500k/link),"Bài PR dưới 1800 từ, 5 ảnh",1,2755000,2026-07-29,1
booking-pr,genk.vn,Bai PR chuyen muc,Tiểu mục,2755000,,,1,2755000,2026-07-29,1
booking-pr,ngoisao.vn,Bai PR chuyen muc,chuyên mục phù hợp,2755000,2 link no,"Bài PR dưới 1000 từ, dưới 3 ảnh",1,2755000,2026-07-29,1
booking-pr,baoquocte.vn,Bai PR chuyen muc,Mục phù hợp,2660000,1tr/link tối đa 1 link no,"Bài PR dưới 1000 từ, dưới 3 ảnh",1,2660000,2026-07-29,1
booking-pr,tiin.vn,Bai PR chuyen muc,Mục phù hợp,2470000,1 link no,700 từ,1,2470000,2026-07-29,1
booking-pr,vietnambiz.vn,Bai PR chuyen muc,Mục phù hợp,2090000,500k/link no,"Bài PR dưới 1000 từ, dưới 3 ảnh",1,2090000,2026-07-29,1
booking-pr,vietnammoi.vn,Bai PR chuyen muc,Mục phù hợp,2090000,500k/link no,"Bài dưới 300 từ, 1 ảnh",1,2090000,2026-07-29,1
booking-pr,techz.vn,Bai PR chuyen muc,Mục phù hợp,1900000,1 link nof,"Bài PR dưới 1000 từ, dưới 3 ảnh",1,1900000,2026-07-29,1
booking-pr,nguoiduatin.vn,Bai PR chuyen muc,Mục phù hợp,1615000,không chèn link,"Bài PR dưới 1000 từ, dưới 3 ảnh",1,1615000,2026-07-29,1
booking-pr,emdep.vn,Bai PR chuyen muc,Mục phù hợp,1520000,1 link no,"Bài PR dưới 1000 từ, dưới 3 ảnh",1,1520000,2026-07-29,1
booking-pr,giadinhmoi.vn,Bai PR chuyen muc,Mục phù hợp,1330000,2 link no,"Bài PR dưới 1000 từ, dưới 3 ảnh",1,1330000,2026-07-29,1
booking-pr,nhipcaudautu.vn,Bao link dofollow,SKDN,10925000,1 Link Dof(thêm link 500k),300 từ 1 ảnh bài event,1,10925000,2026-07-29,1
booking-pr,wiki.batdongsan.com.vn,Bao link dofollow,Mục phù hợp,4940000,2 Link Nof,,1,4940000,2026-07-29,1
booking-pr,thesaigontimes.vn,Bao link dofollow,TTDN,4418000,3 link Do,dưới 450 từ + 1 ảnh,1,4418000,2026-07-29,1
booking-pr,doanhnghiepvn.vn,Bao link dofollow,Bài đi lấy link,2992000,1 Link Dof(thêm link 300k),,1,2992000,2026-07-29,1
booking-pr,nguoidothi.net.vn,Bao link dofollow,Mục phù hợp,2945000,2 Link Dofollow,500 từ 3 ảnh 2 link dof,1,2945000,2026-07-29,1
booking-pr,phapluat.suckhoedoisong.vn,Bao link dofollow,Mục phù hợp,2565000,1 Link Dof,Mua thêm link 300k,1,2565000,2026-07-29,1
booking-pr,diendandoanhnghiep.vn,Bao link dofollow,Mục phù hợp,2565000,2 Link Dofollow,700 từ + 3 ảnh,1,2565000,2026-07-29,1
booking-pr,suckhoecongdongonline.vn,Bao link dofollow,Mục phù hợp,2565000,1 link Dof(thêm link 500k),1000 từ 3 ảnh 2 link dof,1,2565000,2026-07-29,1
booking-pr,nghean24h.vn,Bao link dofollow,Mục phù hợp,2375000,2 Link Dofollow,1000 từ 3 ảnh 2 link dof,1,2375000,2026-07-29,1
booking-pr,suckhoeviet.org.vn,Bao link dofollow,Mục phù hợp,2375000,2 Link Dofollow,1001 từ 3 ảnh 2 link dof,1,2375000,2026-07-29,1
booking-pr,vietq.vn,Bao link dofollow,Mục phù hợp,2328000,2 Link Dofollow,,1,2328000,2026-07-29,1
booking-pr,petrotimes.vn,Bao link dofollow,Mục phù hợp,2280000,1 link Doffollow (thêm link 200k),,1,2280000,2026-07-29,1
booking-pr,thuonghieucongluan.com.vn,Bao link dofollow,Mục phù hợp,2185000,1000 từ 3 ảnh 1 link dof,Mua thêm link 400k,1,2185000,2026-07-29,1
booking-pr,vnreview.vn,Bao link dofollow,Mục phù hợp,2185000,2 link Dofollow,,1,2185000,2026-07-29,1
booking-pr,xahoi.com.vn,Bao link dofollow,Mục phù hợp,2138000,2 Link Dofollow,1001 từ 3 ảnh 2 link dof,1,2138000,2026-07-29,1
booking-pr,xaluannews.com,Bao link dofollow,,2090000,1 link dof,1000 từ  - 3 ảnh - thêm link 500k/link,1,2090000,2026-07-29,1
booking-pr,vanhoavaphattrien.vn,Bao link dofollow,Mục phù hợp,1995000,2 Link Dofollow,1000 từ 3 ảnh 2 link dof,1,1995000,2026-07-29,1
booking-pr,golfviet.vn,Bao link dofollow,Mục phù hợp,1995000,2 Link Dofollow,1000 từ 3 ảnh 2 link dof,1,1995000,2026-07-29,1
booking-pr,songdep.com.vn,Bao link dofollow,Mục phù hợp,1995000,2 Link Dofollow,1000 từ 3 ảnh 2 link dof,1,1995000,2026-07-29,1
booking-pr,vnfinance.vn,Bao link dofollow,Mục phù hợp,1995000,2 Link Dofollow,1000 từ 3 ảnh 2 link dof,1,1995000,2026-07-29,1
booking-pr,thitruongbiz.vn,Bao link dofollow,Mục phù hợp,1995000,2 Link Dofollow,1000 từ 3 ảnh 2 link dof,1,1995000,2026-07-29,1
booking-pr,thanhnienviet.vn,Bao link dofollow,Mục phù hợp,1900000,2 link Dofollow,1500 từ 5 ảnh 2 link dof,1,1900000,2026-07-29,1
booking-pr,doisongvietnam.vn,Bao link dofollow,Mục phù hợp,1805000,2 Link Dofollow,1000 từ 3 ảnh 2 link dof,1,1805000,2026-07-29,1
booking-pr,phunusuckhoe.giadinhonline.vn,Bao link dofollow,Mục phù hợp,1710000,1 link Doffollow,1000 từ 3 ảnh 2 link dof,1,1710000,2026-07-29,1
booking-pr,suckhoephapluat.nguoiduatin.vn,Bao link dofollow,Mục phù hợp,1662000,2 Link Dofollow,,1,1662000,2026-07-29,1
booking-pr,hoinhap.vanhoavaphattrien.vn,Bao link dofollow,Mục phù hợp,1615000,2 Link Dofollow,1000 từ 3 ảnh 2 link dof,1,1615000,2026-07-29,1
booking-pr,cafedautu.vn,Bao link dofollow,Mục phù hợp,1615000,2 Link Dofollow,1000 từ 3 ảnh 2 link dof,1,1615000,2026-07-29,1
booking-pr,bau.vn,Bao link dofollow,Mục phù hợp,1615000,2 link Doffollow,1001 từ 3 ảnh 2 link dof,1,1615000,2026-07-29,1
booking-pr,tuyensinhhuongnghiep.vn,Bao link dofollow,Mục phù hợp,1568000,2 Link Dofollow,1000 từ 3 ảnh 2 link dof,1,1568000,2026-07-29,1
booking-pr,phunuvagiadinh.vn,Bao link dofollow,Bài đi lấy link,1568000,2 link Dofollow,1000 từ 3 ảnh 2 link dof,1,1568000,2026-07-29,1
booking-pr,giadinhvaphapluat.vn,Bao link dofollow,phapluatkinhdoanh,1568000,2 Link Dofollow,1000 từ 3 ảnh 2 link dof,1,1568000,2026-07-29,1
booking-pr,doisongphapluat.com.vn,Bao link dofollow,Mục phù hợp,1520000,1000 từ  - 5 ảnh,không chèn link,1,1520000,2026-07-29,1
booking-pr,home.vn,Bao link dofollow,Mục phù hợp,1425000,2 Link Dofollow,1000 từ 3 ảnh 2 link dof,1,1425000,2026-07-29,1
booking-pr,phapluatvacuocsong.vn,Bao link dofollow,Mục phù hợp,1330000,2 Link Dofollow,1001 từ 3 ảnh 2 link dof,1,1330000,2026-07-29,1
booking-pr,phunuhiendai.vn,Bao link dofollow,Mục phù hợp,1140000,2 Link Dofollow,1000 từ 3 ảnh 2 link dof,1,1140000,2026-07-29,1
booking-pr,daklak24h.com.vn,Bao link dofollow,Mục phù hợp,1045000,2 link Doffollow (thêm link 200k),1000 từ 3 ảnh 2 link dof,1,1045000,2026-07-29,1
booking-pr,kinhtethoidai.net,Bao link dofollow,Mục phù hợp,1045000,2 link Dofollow,1000 từ 3 ảnh 2 link dof,1,1045000,2026-07-29,1
booking-pr,hanghoathuonghieu.vn,Bao link dofollow,Mục phù hợp,950000,2 link Doffollow,1000 từ 3 ảnh 2 link dof,1,950000,2026-07-29,1
booking-pr,tieudungtiepthi.vn,Bao link dofollow,Mục phù hợp,950000,2 Link Dofollow,1000 từ 3 ảnh 2 link dof,1,950000,2026-07-29,1
booking-pr,khoahoccuocsong.com,Bao link dofollow,Mục phù hợp,855000,2 link Dofollow,1000 từ 3 ảnh 2 link dof,1,855000,2026-07-29,1
booking-pr,thitruongngaynay.vn,Bao link dofollow,Mục phù hợp,665000,2 Link Dofollow,1000 từ 3 ảnh 2 link dof,1,665000,2026-07-29,1
booking-pr,suckhoegiadinhvietnam.com,Bao link dofollow,Mục phù hợp,665000,2 Link Dofollow,1000 từ 3 ảnh 2 link dof,1,665000,2026-07-29,1
booking-pr,thuonghieuphattrien.com,Bao link dofollow,Mục phù hợp,665000,2 Link Dofollow,1000 từ 3 ảnh 2 link dof,1,665000,2026-07-29,1
booking-pr,camnangsuckhoeso.net,Bao link dofollow,Mục phù hợp,665000,2 Link Dofollow,1000 từ 3 ảnh 2 link dof,1,665000,2026-07-29,1
booking-pr,baodaklak.vn,Bao tinh / bao dang,Muc phu hop,4275000,,800 từ  - 2 ảnh - 1 link dof,1,4275000,2026-07-29,1
booking-pr,baolaocai.vn,Bao tinh / bao dang,Muc phu hop,3610000,,1000 từ  - 3 ảnh - 2 link nof,1,3610000,2026-07-29,1
booking-pr,kinhtemoitruong.vn,Bao tinh / bao dang,Muc phu hop,2850000,,1000 từ  - 3 ảnh - 1 link dof,1,2850000,2026-07-29,1
booking-pr,baodongthap.vn,Bao tinh / bao dang,Muc phu hop,2755000,,700 từ  - 3-5 ảnh - 2 link dof,1,2755000,2026-07-29,1
booking-pr,anninhthudo.vn,Bao tinh / bao dang,Muc phu hop,2470000,,800-1000 từ  - 2 ảnh - 2 link,1,2470000,2026-07-29,1
booking-pr,vietnam.vn,Bao tinh / bao dang,Muc phu hop,2375000,,1000 từ  - 3 ảnh - 2 link (Bài và link tồn tại 5 năm),1,2375000,2026-07-29,1
booking-pr,baonghean.vn,Bao tinh / bao dang,Muc phu hop,2328000,,1000 từ  - 3 ảnh - 2 link nof + ĐKKD,1,2328000,2026-07-29,1
booking-pr,nguoihanoi.vn,Bao tinh / bao dang,Muc phu hop,2280000,,1500 từ  - 5 ảnh - 2 link dof,1,2280000,2026-07-29,1
booking-pr,tapchixaydung.vn,Bao tinh / bao dang,Muc phu hop,1995000,,1000 từ  - 3 ảnh - 2 link dof,1,1995000,2026-07-29,1
booking-pr,thethaovanhoa.vn,Bao tinh / bao dang,Muc phu hop,1900000,,1000 từ  - 3 ảnh - 2 link dof,1,1900000,2026-07-29,1
booking-pr,vietstock.vn,Bao tinh / bao dang,Muc phu hop,1899000,,1000 từ  - 3 ảnh - 2 link dof - - đăng đồng thời trên fili.vn FREE,1,1899000,2026-07-29,1
booking-pr,vietbao.vn,Bao tinh / bao dang,Muc phu hop,1881000,,1000 từ  - 3 ảnh - 2 link dof,1,1881000,2026-07-29,1
booking-pr,truyenhinhnghean.vn,Bao tinh / bao dang,Muc phu hop,1805000,,1000 từ  - 5 ảnh - 2 link dof + ĐKKD,1,1805000,2026-07-29,1
booking-pr,baoxaydung.vn,Bao tinh / bao dang,Muc phu hop,1805000,,"1000 từ  - 3 ảnh (1,1tr/link nof)",1,1805000,2026-07-29,1
booking-pr,baolangson.vn,Bao tinh / bao dang,Muc phu hop,1710000,,1000 từ  - 5 ảnh - 2 link dof,1,1710000,2026-07-29,1
booking-pr,baoquangtri.vn,Bao tinh / bao dang,Muc phu hop,1710000,,1000 từ  - 5 ảnh - 2 link dof + ĐKKD,1,1710000,2026-07-29,1
booking-pr,baocaobang.vn,Bao tinh / bao dang,Muc phu hop,1710000,,1000 từ  - 5 ảnh - 2 link dof,1,1710000,2026-07-29,1
booking-pr,thuonghieuvaphapluat.vn,Bao tinh / bao dang,Muc phu hop,1615000,,1000 từ  - 5 ảnh - 2 link dof,1,1615000,2026-07-29,1
booking-pr,baolamdong.vn,Bao tinh / bao dang,Muc phu hop,1520000,,1000 từ  - 5 ảnh - 2 link dof,1,1520000,2026-07-29,1
booking-pr,baocantho.com.vn,Bao tinh / bao dang,Muc phu hop,1520000,,1000 từ  - 4 ảnh - 2 link dof,1,1520000,2026-07-29,1
booking-pr,baoquangninh.vn,Bao tinh / bao dang,Muc phu hop,1520000,,1000 từ  - 5 ảnh - 2 link dof + ĐKKD,1,1520000,2026-07-29,1
booking-pr,baotayninh.vn,Bao tinh / bao dang,Muc phu hop,1472000,,1000 từ  - 5 ảnh - 2 link dof,1,1472000,2026-07-29,1
booking-pr,sohuutritue.net.vn,Bao tinh / bao dang,Muc phu hop,1472000,,1000 từ  - 5 ảnh - 2 link dof,1,1472000,2026-07-29,1
booking-pr,baothanhhoa.vn,Bao tinh / bao dang,Muc phu hop,1425000,,1000 từ  - 4 ảnh - 2 link dof chỉ nhận domain .vn + ĐKKD,1,1425000,2026-07-29,1
booking-pr,baothainguyen.vn,Bao tinh / bao dang,Muc phu hop,1425000,,800 từ  - 3 ảnh - 2 link dof - Có ĐKKD,1,1425000,2026-07-29,1
booking-pr,giaoducthudo.giaoducthoidai.vn,Bao tinh / bao dang,Muc phu hop,1425000,,1000 từ  - 3 ảnh - 2 link dof,1,1425000,2026-07-29,1
booking-pr,baocamau.vn,Bao tinh / bao dang,Muc phu hop,1330000,,1000 từ  - 3-5 ảnh - 2 link dof,1,1330000,2026-07-29,1
booking-pr,bienphong.com.vn,Bao tinh / bao dang,Muc phu hop,1330000,,1000 từ - 3 ảnh - 2 link dof,1,1330000,2026-07-29,1
booking-pr,baovinhlong.com.vn,Bao tinh / bao dang,Muc phu hop,1282000,,1000 từ  - 2 ảnh - 2 link dof,1,1282000,2026-07-29,1
booking-pr,baophutho.vn,Bao tinh / bao dang,Muc phu hop,1235000,,1000 từ  - 5 ảnh - 2 link dof,1,1235000,2026-07-29,1
booking-pr,baoangiang.com.vn,Bao tinh / bao dang,Muc phu hop,1140000,,1000 từ  - 5 ảnh - 2 link dof,1,1140000,2026-07-29,1
booking-pr,phunumoi.net.vn,Bao tinh / bao dang,Muc phu hop,1140000,,1000 từ  - 3-5 ảnh - 2 link dof,1,1140000,2026-07-29,1
booking-pr,baodienbienphu.vn,Bao tinh / bao dang,Muc phu hop,1140000,,1000 từ  - 5 ảnh - 2 link dof,1,1140000,2026-07-29,1
booking-pr,tuoitrexahoi.vn,Bao tinh / bao dang,Muc phu hop,1140000,,1000 từ  - 3 ảnh - 2 link dof,1,1140000,2026-07-29,1
booking-pr,baodongnai.com.vn,Bao tinh / bao dang,Muc phu hop,1045000,,1000 từ  - 5 ảnh - 2 link dof,1,1045000,2026-07-29,1
booking-pr,baotuyenquang.com.vn,Bao tinh / bao dang,Muc phu hop,998000,,1000 từ  - 5 ảnh - 2 link dof,1,998000,2026-07-29,1
booking-pr,baohatinh.vn,Bao tinh / bao dang,Muc phu hop,998000,,1000 từ  - 5 ảnh - 2 link dof,1,998000,2026-07-29,1
booking-pr,baodanang.vn,Bao tinh / bao dang,Muc phu hop,950000,,1000 từ  - 5 ảnh - 2 link dof - Có ĐKKD,1,950000,2026-07-29,1
booking-pr,cafebiz.vn,Vi tri noi bat trang chu,Trang chủ,9975000,,"Bài PR dưới 1000 từ, dưới 5 ảnh",1,9975000,2026-07-29,1
booking-pr,kenh14.vn,Vi tri noi bat trang chu,Trang Chủ,9690000,,"Bài PR dưới 1000 từ, dưới 7 ảnh",1,9690000,2026-07-29,1
booking-pr,genk.vn,Vi tri noi bat trang chu,Trang chủ,9595000,,"Bài PR dưới 1000 từ, dưới 5 ảnh",1,9595000,2026-07-29,1
booking-pr,gamek.vn,Vi tri noi bat trang chu,Trang chủ,8645000,1 link no,"Bài PR dưới 1000 từ, dưới 5 ảnh",1,8645000,2026-07-29,1
booking-pr,autopro.com.vn,Vi tri noi bat trang chu,Trang chủ,8170000,,"Bài PR dưới 1000 từ, dưới 5 ảnh",1,8170000,2026-07-29,1
booking-pr,nguoiquansat.vn,Vi tri noi bat trang chu,Trang chủ,7600000,1 link nof (thêm link 500k/link),"Bài PR dưới 1800 từ, 5 ảnh",1,7600000,2026-07-29,1
booking-pr,24h.com.vn,Vi tri noi bat trang chu,PR loại 1 (2h trang chủ): Kinh doanh/Thị trường tiêu dùng/Thời trang Hitech/Công nghệ thông tin/Ô tô/Xe máy/Sức khỏe/Đẹp,6935000,3 link no,"Bài PR dưới 1000 từ, dưới 5 ảnh",1,6935000,2026-07-29,1
booking-pr,cafef.vn,Vi tri noi bat trang chu,Tin doanh nghiệp (Trang chủ 1 ngày),6270000,,,1,6270000,2026-07-29,1
booking-pr,cafef.vn,Vi tri noi bat trang chu,Box Thông Cáo Báo chí (Trang chủ 1 ngày),5130000,1 link no - thêm link 500k,"Bài PR dưới 1000 từ, dưới 5 ảnh",1,5130000,2026-07-29,1
booking-pr,24h.com.vn,Vi tri noi bat trang chu,PR loại 1 (2h trang chủ): Thể thao/Giải trí/Bạn trẻ cuộc sống/Ăn - Chơi/Giáo dục,4940000,3 link no,"Bài PR dưới 1000 từ, dưới 5 ảnh",1,4940000,2026-07-29,1
booking-pr,soha.vn,Vi tri noi bat trang chu,bài stream tren trang chủ,4370000,1 link no,"Bài PR dưới 1000 từ, dưới 5 ảnh",1,4370000,2026-07-29,1
booking-pr,vtcnews.vn,Vi tri noi bat trang chu,Trang chuyên mục,3800000,,"Bài PR dưới 1000 từ, dưới 3 ảnh",1,3800000,2026-07-29,1
booking-pr,alobacsi.com,Vi tri noi bat trang chu,Bài loại 7 trang chuyên mục,1900000,1 link no,"Bài PR dưới 800 từ, dưới 3 ảnh",1,1900000,2026-07-29,1
guest-post,vietnam.travel,Guest post,Bai dang tren site,23750000,,"1000 từ, 3-5 ảnh, 2 link nof",1,23750000,2026-07-29,1
guest-post,powersteam.vn,Guest post,Bai dang tren site,1140000,,"1000 từ, 3-5 ảnh, 2 link nof",1,1140000,2026-07-29,1
guest-post,topaz.vn,Guest post,Bai dang tren site,1140000,,"1000 từ, 3-5 ảnh, 2 link nof",1,1140000,2026-07-29,1
guest-post,hanoireview.vn,Guest post,Bai dang tren site,1140000,,"1000 từ, 3-5 ảnh, 2 link dof",1,1140000,2026-07-29,1
guest-post,saigonreview.vn,Guest post,Bai dang tren site,1140000,,"1000 từ, 3-5 ảnh, 2 link dof",1,1140000,2026-07-29,1
guest-post,quynhonreview.vn,Guest post,Bai dang tren site,1140000,,"1000 từ, 3-5 ảnh, 2 link dof",1,1140000,2026-07-29,1
guest-post,hellodanang.vn,Guest post,Bai dang tren site,1140000,,"1000 từ, 3-5 ảnh, 2 link dof",1,1140000,2026-07-29,1
guest-post,binhduongreview.vn,Guest post,Bai dang tren site,1140000,,"1000 từ, 3-5 ảnh, 2 link dof",1,1140000,2026-07-29,1
guest-post,wikithammy.com,Guest post,Bai dang tren site,1140000,,"1000 từ, 3-5 ảnh, 2 link nof",1,1140000,2026-07-29,1
guest-post,hcmtoplist.com,Guest post,Bai dang tren site,950000,,"1000 từ, 3-5 ảnh, 2 link nof",1,950000,2026-07-29,1
guest-post,hanoitoplist.com,Guest post,Bai dang tren site,950000,,"1000 từ, 3-5 ảnh, 2 link nof",1,950000,2026-07-29,1
guest-post,top10danang.com,Guest post,Bai dang tren site,950000,,"1000 từ, 3-5 ảnh, 2 link nof",1,950000,2026-07-29,1
guest-post,chonthuonghieu.com,Guest post,Bai dang tren site,950000,,"1000 từ, 3-5 ảnh, 2 link nof",1,950000,2026-07-29,1
guest-post,danhgiasao.com,Guest post,Bai dang tren site,950000,,"1000 từ, 3-5 ảnh, 2 link nof",1,950000,2026-07-29,1
guest-post,angiangtoplist.com,Guest post,Bai dang tren site,950000,,"1000 từ, 3-5 ảnh, 2 link nof",1,950000,2026-07-29,1
guest-post,bentretoplist.com,Guest post,Bai dang tren site,950000,,"1000 từ, 3-5 ảnh, 2 link nof",1,950000,2026-07-29,1
guest-post,ngheantoplist.net,Guest post,Bai dang tren site,950000,,"1000 từ, 3-5 ảnh, 2 link nof",1,950000,2026-07-29,1
guest-post,phuthotoplist.com,Guest post,Bai dang tren site,950000,,"1000 từ, 3-5 ảnh, 2 link nof",1,950000,2026-07-29,1
guest-post,thanhhoatoplist.com,Guest post,Bai dang tren site,950000,,"1000 từ, 3-5 ảnh, 2 link nof",1,950000,2026-07-29,1
guest-post,quangnamtoplist.com,Guest post,Bai dang tren site,950000,,"1000 từ, 3-5 ảnh, 2 link nof",1,950000,2026-07-29,1
guest-post,thaibinhtoplist.com,Guest post,Bai dang tren site,950000,,"1000 từ, 3-5 ảnh, 2 link nof",1,950000,2026-07-29,1
guest-post,binhduongtoplist.com,Guest post,Bai dang tren site,950000,,"1000 từ, 3-5 ảnh, 2 link nof",1,950000,2026-07-29,1
guest-post,quangbinhtoplist.com,Guest post,Bai dang tren site,950000,,"1000 từ, 3-5 ảnh, 2 link nof",1,950000,2026-07-29,1
guest-post,dongnaitoplist.com,Guest post,Bai dang tren site,950000,,"1000 từ, 3-5 ảnh, 2 link nof",1,950000,2026-07-29,1
guest-post,thanhpho.danang.vn,Guest post,Bai dang tren site,950000,,"1000 từ, 3-5 ảnh, 2 link nof",1,950000,2026-07-29,1
guest-post,huetoplist.vn,Guest post,Bai dang tren site,950000,,"1000 từ, 3-5 ảnh, 2 link nof",1,950000,2026-07-29,1
guest-post,binhdinhtoplist.com,Guest post,Bai dang tren site,950000,,"1000 từ, 3-5 ảnh, 2 link nof",1,950000,2026-07-29,1
guest-post,haiphongtoplist.com,Guest post,Bai dang tren site,950000,,"1000 từ, 3-5 ảnh, 2 link nof",1,950000,2026-07-29,1
guest-post,bacninhtoplist.com,Guest post,Bai dang tren site,950000,,"1000 từ, 3-5 ảnh, 2 link nof",1,950000,2026-07-29,1
guest-post,quangninhtoplist.com,Guest post,Bai dang tren site,950000,,"1000 từ, 3-5 ảnh, 2 link nof",1,950000,2026-07-29,1
guest-post,hatinhtoplist.com,Guest post,Bai dang tren site,950000,,"1000 từ, 3-5 ảnh, 2 link nof",1,950000,2026-07-29,1
guest-post,tiengiangtoplist.vn,Guest post,Bai dang tren site,950000,,"1000 từ, 3-5 ảnh, 2 link nof",1,950000,2026-07-29,1
guest-post,lamdongtoplist.com,Guest post,Bai dang tren site,950000,,"1000 từ, 3-5 ảnh, 2 link nof",1,950000,2026-07-29,1
guest-post,ninhbinhtoplist.com,Guest post,Bai dang tren site,950000,,"1000 từ, 3-5 ảnh, 2 link nof",1,950000,2026-07-29,1
guest-post,vinhlongtoplist.com,Guest post,Bai dang tren site,950000,,"1000 từ, 3-5 ảnh, 2 link nof",1,950000,2026-07-29,1
guest-post,haiduongtoplist.com,Guest post,Bai dang tren site,950000,,"1000 từ, 3-5 ảnh, 2 link nof",1,950000,2026-07-29,1
guest-post,dongthaptoplist.com,Guest post,Bai dang tren site,950000,,"1000 từ, 3-5 ảnh, 2 link nof",1,950000,2026-07-29,1
guest-post,hungyentoplist.com,Guest post,Bai dang tren site,950000,,"1000 từ, 3-5 ảnh, 2 link nof",1,950000,2026-07-29,1
guest-post,thucanh.vn,Guest post,Bai dang tren site,950000,,"1000 từ, 3-5 ảnh, 2 link nof",1,950000,2026-07-29,1
guest-post,kichcaudulichtphcm.vn,Guest post,Bai dang tren site,760000,,"1000 từ, 3-5 ảnh, 2 link nof",1,760000,2026-07-29,1
guest-post,bariavungtautourism.com.vn,Guest post,Bai dang tren site,760000,,"1000 từ, 3-5 ảnh, 2 link nof",1,760000,2026-07-29,1
guest-post,duonggiahotel.vn,Guest post,Bai dang tren site,760000,,"1000 từ, 3-5 ảnh, 2 link nof",1,760000,2026-07-29,1
guest-post,dulichhatinh.com.vn,Guest post,Bai dang tren site,760000,,"1000 từ, 3-5 ảnh, 2 link nof",1,760000,2026-07-29,1
guest-post,dulichsontra.com,Guest post,Bai dang tren site,760000,,"1000 từ, 3-5 ảnh, 2 link nof",1,760000,2026-07-29,1
guest-post,qta.org.vn,Guest post,Bai dang tren site,760000,,"1000 từ, 3-5 ảnh, 2 link nof",1,760000,2026-07-29,1
guest-post,chuabaidinhninhbinh.vn,Guest post,Bai dang tren site,760000,,"1000 từ, 3-5 ảnh, 2 link nof",1,760000,2026-07-29,1
guest-post,nhahangbachkim.com,Guest post,Bai dang tren site,475000,,"1000 từ, 3-5 ảnh, 2 link nof",1,475000,2026-07-29,1
guest-post,arcencielhotel.com.vn,Guest post,Bai dang tren site,475000,,"1000 từ, 3-5 ảnh, 2 link nof",1,475000,2026-07-29,1
guest-post,hotelnikkohanoi.com.vn,Guest post,Bai dang tren site,475000,,"1000 từ, 3-5 ảnh, 2 link nof",1,475000,2026-07-29,1
guest-post,suoiluong.com.vn,Guest post,Bai dang tren site,475000,,"1000 từ, 3-5 ảnh, 2 link nof",1,475000,2026-07-29,1
guest-post,bietdienhotel.com.vn,Guest post,Bai dang tren site,475000,,"1000 từ, 3-5 ảnh, 2 link nof",1,475000,2026-07-29,1
textlink,hanoitimes.vn,Textlink,Link fullsite - 6 thang,11400001330000,1 link,6 thang,1,11400001330000,2026-07-29,1
textlink,thieunien.vn,Textlink,Link fullsite - 6 thang,11400001330000,1 link,6 thang,1,11400001330000,2026-07-29,1
textlink,thanhnienviet.vn,Textlink,Link fullsite - 6 thang,11400001330000,1 link,6 thang,1,11400001330000,2026-07-29,1
textlink,tapchinghiencuuphathoc.vn,Textlink,Link fullsite - 6 thang,11400001330000,1 link,6 thang,1,11400001330000,2026-07-29,1
textlink,phunuvagiadinh.vn,Textlink,Link fullsite - 6 thang,11400001330000,1 link,6 thang,1,11400001330000,2026-07-29,1
textlink,reatimes.vn,Textlink,Link fullsite - 6 thang,11400001330000,1 link,6 thang,1,11400001330000,2026-07-29,1
textlink,baodanang.vn,Textlink,Link fullsite - 12 thang,5700000,1 link,12 thang,1,5700000,2026-07-29,1
textlink,baodongnai.com.vn,Textlink,Link fullsite - 12 thang,5700000,1 link,12 thang,1,5700000,2026-07-29,1
textlink,giaoducthoidai.vn,Textlink,Link fullsite - 12 thang,5700000,1 link,12 thang,1,5700000,2026-07-29,1
textlink,baophapluat.vn,Textlink,Link fullsite - 12 thang,5700000,1 link,12 thang,1,5700000,2026-07-29,1
textlink,vnreview.vn,Textlink,Link fullsite - 12 thang,5700000,1 link,12 thang,1,5700000,2026-07-29,1
textlink,home.vn,Textlink,Link fullsite - 12 thang,5700000,1 link,12 thang,1,5700000,2026-07-29,1
textlink,congly.vn,Textlink,Link fullsite - 12 thang,5700000,1 link,12 thang,1,5700000,2026-07-29,1
textlink,anninhthudo.vn,Textlink,Link fullsite - 12 thang,5700000,1 link,12 thang,1,5700000,2026-07-29,1
textlink,hanoimoi.vn,Textlink,Link fullsite - 12 thang,5700000,1 link,12 thang,1,5700000,2026-07-29,1
textlink,baodanang.vn,Textlink,Link fullsite - 6 thang,4750000,1 link,6 thang,1,4750000,2026-07-29,1
textlink,baodongnai.com.vn,Textlink,Link fullsite - 6 thang,4750000,1 link,6 thang,1,4750000,2026-07-29,1
textlink,giaoducthoidai.vn,Textlink,Link fullsite - 6 thang,4750000,1 link,6 thang,1,4750000,2026-07-29,1
textlink,baophapluat.vn,Textlink,Link fullsite - 6 thang,4750000,1 link,6 thang,1,4750000,2026-07-29,1
textlink,vnreview.vn,Textlink,Link fullsite - 6 thang,4750000,1 link,6 thang,1,4750000,2026-07-29,1
textlink,home.vn,Textlink,Link fullsite - 6 thang,4750000,1 link,6 thang,1,4750000,2026-07-29,1
textlink,congly.vn,Textlink,Link fullsite - 6 thang,4750000,1 link,6 thang,1,4750000,2026-07-29,1
textlink,anninhthudo.vn,Textlink,Link fullsite - 6 thang,4750000,1 link,6 thang,1,4750000,2026-07-29,1
textlink,hanoimoi.vn,Textlink,Link fullsite - 6 thang,4750000,1 link,6 thang,1,4750000,2026-07-29,1
textlink,doanhnghiephoinhap.vn,Textlink,Link fullsite - 12 thang,4275000,1 link,12 thang,1,4275000,2026-07-29,1
textlink,baothainguyen.vn,Textlink,Link fullsite - 12 thang,4275000,1 link,12 thang,1,4275000,2026-07-29,1
textlink,huengaynay.vn,Textlink,Link fullsite - 12 thang,4275000,1 link,12 thang,1,4275000,2026-07-29,1
textlink,baocamau.vn,Textlink,Link fullsite - 12 thang,4275000,1 link,12 thang,1,4275000,2026-07-29,1
textlink,baotuyenquang.com.vn,Textlink,Link fullsite - 12 thang,4275000,1 link,12 thang,1,4275000,2026-07-29,1
textlink,baogialai.com.vn,Textlink,Link fullsite - 12 thang,4275000,1 link,12 thang,1,4275000,2026-07-29,1
textlink,nguoidothi.net.vn,Textlink,Link fullsite - 12 thang,4275000,1 link,12 thang,1,4275000,2026-07-29,1
textlink,baolangson.vn,Textlink,Link fullsite - 12 thang,4275000,1 link,12 thang,1,4275000,2026-07-29,1
textlink,baolaocai.vn,Textlink,Link fullsite - 12 thang,4275000,1 link,12 thang,1,4275000,2026-07-29,1
textlink,baoangiang.com.vn,Textlink,Link fullsite - 12 thang,4275000,1 link,12 thang,1,4275000,2026-07-29,1
textlink,baocantho.com.vn,Textlink,Link fullsite - 12 thang,4275000,1 link,12 thang,1,4275000,2026-07-29,1
textlink,truyenhinhnghean.vn,Textlink,Link fullsite - 12 thang,4275000,1 link,12 thang,1,4275000,2026-07-29,1
textlink,thuonghieucongluan.com.vn,Textlink,Link fullsite - 12 thang,4275000,1 link,12 thang,1,4275000,2026-07-29,1
textlink,baovanhoa.vn,Textlink,Link fullsite - 12 thang,4275000,1 link,12 thang,1,4275000,2026-07-29,1
textlink,tapchitoaan.vn,Textlink,Link fullsite - 12 thang,4275000,1 link,12 thang,1,4275000,2026-07-29,1
textlink,baodanang.vn,Textlink,Link trang chu - 12 thang,3800000,1 link,12 thang,1,3800000,2026-07-29,1
textlink,baodanang.vn,Textlink,Link fullsite - 3 thang,3800000,1 link,3 thang,1,3800000,2026-07-29,1
textlink,baodongnai.com.vn,Textlink,Link trang chu - 12 thang,3800000,1 link,12 thang,1,3800000,2026-07-29,1
textlink,baodongnai.com.vn,Textlink,Link fullsite - 3 thang,3800000,1 link,3 thang,1,3800000,2026-07-29,1
textlink,giaoducthoidai.vn,Textlink,Link trang chu - 12 thang,3800000,1 link,12 thang,1,3800000,2026-07-29,1
textlink,giaoducthoidai.vn,Textlink,Link fullsite - 3 thang,3800000,1 link,3 thang,1,3800000,2026-07-29,1
textlink,baophapluat.vn,Textlink,Link trang chu - 12 thang,3800000,1 link,12 thang,1,3800000,2026-07-29,1
textlink,baophapluat.vn,Textlink,Link fullsite - 3 thang,3800000,1 link,3 thang,1,3800000,2026-07-29,1
textlink,vnreview.vn,Textlink,Link trang chu - 12 thang,3800000,1 link,12 thang,1,3800000,2026-07-29,1
textlink,vnreview.vn,Textlink,Link fullsite - 3 thang,3800000,1 link,3 thang,1,3800000,2026-07-29,1
textlink,home.vn,Textlink,Link trang chu - 12 thang,3800000,1 link,12 thang,1,3800000,2026-07-29,1
textlink,home.vn,Textlink,Link fullsite - 3 thang,3800000,1 link,3 thang,1,3800000,2026-07-29,1
textlink,congly.vn,Textlink,Link trang chu - 12 thang,3800000,1 link,12 thang,1,3800000,2026-07-29,1
textlink,congly.vn,Textlink,Link fullsite - 3 thang,3800000,1 link,3 thang,1,3800000,2026-07-29,1
textlink,anninhthudo.vn,Textlink,Link trang chu - 12 thang,3800000,1 link,12 thang,1,3800000,2026-07-29,1
textlink,anninhthudo.vn,Textlink,Link fullsite - 3 thang,3800000,1 link,3 thang,1,3800000,2026-07-29,1
textlink,hanoimoi.vn,Textlink,Link trang chu - 12 thang,3800000,1 link,12 thang,1,3800000,2026-07-29,1
textlink,hanoimoi.vn,Textlink,Link fullsite - 3 thang,3800000,1 link,3 thang,1,3800000,2026-07-29,1
textlink,doanhnghiephoinhap.vn,Textlink,Link fullsite - 6 thang,3325000,1 link,6 thang,1,3325000,2026-07-29,1
textlink,baothainguyen.vn,Textlink,Link fullsite - 6 thang,3325000,1 link,6 thang,1,3325000,2026-07-29,1
textlink,huengaynay.vn,Textlink,Link fullsite - 6 thang,3325000,1 link,6 thang,1,3325000,2026-07-29,1
textlink,baocamau.vn,Textlink,Link fullsite - 6 thang,3325000,1 link,6 thang,1,3325000,2026-07-29,1
textlink,baotuyenquang.com.vn,Textlink,Link fullsite - 6 thang,3325000,1 link,6 thang,1,3325000,2026-07-29,1
textlink,baogialai.com.vn,Textlink,Link fullsite - 6 thang,3325000,1 link,6 thang,1,3325000,2026-07-29,1
textlink,nguoidothi.net.vn,Textlink,Link fullsite - 6 thang,3325000,1 link,6 thang,1,3325000,2026-07-29,1
textlink,baolangson.vn,Textlink,Link fullsite - 6 thang,3325000,1 link,6 thang,1,3325000,2026-07-29,1
textlink,baolaocai.vn,Textlink,Link fullsite - 6 thang,3325000,1 link,6 thang,1,3325000,2026-07-29,1
textlink,baoangiang.com.vn,Textlink,Link fullsite - 6 thang,3325000,1 link,6 thang,1,3325000,2026-07-29,1
textlink,baocantho.com.vn,Textlink,Link fullsite - 6 thang,3325000,1 link,6 thang,1,3325000,2026-07-29,1
textlink,truyenhinhnghean.vn,Textlink,Link fullsite - 6 thang,3325000,1 link,6 thang,1,3325000,2026-07-29,1
textlink,thuonghieucongluan.com.vn,Textlink,Link fullsite - 6 thang,3325000,1 link,6 thang,1,3325000,2026-07-29,1
textlink,baovanhoa.vn,Textlink,Link fullsite - 6 thang,3325000,1 link,6 thang,1,3325000,2026-07-29,1
textlink,tapchitoaan.vn,Textlink,Link fullsite - 6 thang,3325000,1 link,6 thang,1,3325000,2026-07-29,1
textlink,baodanang.vn,Textlink,Link trang chu - 6 thang,3325000,1 link,6 thang,1,3325000,2026-07-29,1
textlink,baodongnai.com.vn,Textlink,Link trang chu - 6 thang,3325000,1 link,6 thang,1,3325000,2026-07-29,1
textlink,giaoducthoidai.vn,Textlink,Link trang chu - 6 thang,3325000,1 link,6 thang,1,3325000,2026-07-29,1
textlink,baophapluat.vn,Textlink,Link trang chu - 6 thang,3325000,1 link,6 thang,1,3325000,2026-07-29,1
textlink,vnreview.vn,Textlink,Link trang chu - 6 thang,3325000,1 link,6 thang,1,3325000,2026-07-29,1
textlink,home.vn,Textlink,Link trang chu - 6 thang,3325000,1 link,6 thang,1,3325000,2026-07-29,1
textlink,congly.vn,Textlink,Link trang chu - 6 thang,3325000,1 link,6 thang,1,3325000,2026-07-29,1
textlink,anninhthudo.vn,Textlink,Link trang chu - 6 thang,3325000,1 link,6 thang,1,3325000,2026-07-29,1
textlink,hanoimoi.vn,Textlink,Link trang chu - 6 thang,3325000,1 link,6 thang,1,3325000,2026-07-29,1
textlink,baodanang.vn,Textlink,Link trang chu - 3 thang,2850000,1 link,3 thang,1,2850000,2026-07-29,1
textlink,baodongnai.com.vn,Textlink,Link trang chu - 3 thang,2850000,1 link,3 thang,1,2850000,2026-07-29,1
textlink,giaoducthoidai.vn,Textlink,Link trang chu - 3 thang,2850000,1 link,3 thang,1,2850000,2026-07-29,1
textlink,baophapluat.vn,Textlink,Link trang chu - 3 thang,2850000,1 link,3 thang,1,2850000,2026-07-29,1
textlink,vnreview.vn,Textlink,Link trang chu - 3 thang,2850000,1 link,3 thang,1,2850000,2026-07-29,1
textlink,home.vn,Textlink,Link trang chu - 3 thang,2850000,1 link,3 thang,1,2850000,2026-07-29,1
textlink,congly.vn,Textlink,Link trang chu - 3 thang,2850000,1 link,3 thang,1,2850000,2026-07-29,1
textlink,anninhthudo.vn,Textlink,Link trang chu - 3 thang,2850000,1 link,3 thang,1,2850000,2026-07-29,1
textlink,hanoimoi.vn,Textlink,Link trang chu - 3 thang,2850000,1 link,3 thang,1,2850000,2026-07-29,1
textlink,doanhnghiephoinhap.vn,Textlink,Link trang chu - 12 thang,2375000,1 link,12 thang,1,2375000,2026-07-29,1
textlink,doanhnghiephoinhap.vn,Textlink,Link fullsite - 3 thang,2375000,1 link,3 thang,1,2375000,2026-07-29,1
textlink,baothainguyen.vn,Textlink,Link trang chu - 12 thang,2375000,1 link,12 thang,1,2375000,2026-07-29,1
textlink,baothainguyen.vn,Textlink,Link fullsite - 3 thang,2375000,1 link,3 thang,1,2375000,2026-07-29,1
textlink,huengaynay.vn,Textlink,Link trang chu - 12 thang,2375000,1 link,12 thang,1,2375000,2026-07-29,1
textlink,huengaynay.vn,Textlink,Link fullsite - 3 thang,2375000,1 link,3 thang,1,2375000,2026-07-29,1
textlink,baocamau.vn,Textlink,Link trang chu - 12 thang,2375000,1 link,12 thang,1,2375000,2026-07-29,1
textlink,baocamau.vn,Textlink,Link fullsite - 3 thang,2375000,1 link,3 thang,1,2375000,2026-07-29,1
textlink,baotuyenquang.com.vn,Textlink,Link trang chu - 12 thang,2375000,1 link,12 thang,1,2375000,2026-07-29,1
textlink,baotuyenquang.com.vn,Textlink,Link fullsite - 3 thang,2375000,1 link,3 thang,1,2375000,2026-07-29,1
textlink,baogialai.com.vn,Textlink,Link trang chu - 12 thang,2375000,1 link,12 thang,1,2375000,2026-07-29,1
textlink,baogialai.com.vn,Textlink,Link fullsite - 3 thang,2375000,1 link,3 thang,1,2375000,2026-07-29,1
textlink,nguoidothi.net.vn,Textlink,Link trang chu - 12 thang,2375000,1 link,12 thang,1,2375000,2026-07-29,1
textlink,nguoidothi.net.vn,Textlink,Link fullsite - 3 thang,2375000,1 link,3 thang,1,2375000,2026-07-29,1
textlink,baolangson.vn,Textlink,Link trang chu - 12 thang,2375000,1 link,12 thang,1,2375000,2026-07-29,1
textlink,baolangson.vn,Textlink,Link fullsite - 3 thang,2375000,1 link,3 thang,1,2375000,2026-07-29,1
textlink,baolaocai.vn,Textlink,Link trang chu - 12 thang,2375000,1 link,12 thang,1,2375000,2026-07-29,1
textlink,baolaocai.vn,Textlink,Link fullsite - 3 thang,2375000,1 link,3 thang,1,2375000,2026-07-29,1
textlink,baoangiang.com.vn,Textlink,Link trang chu - 12 thang,2375000,1 link,12 thang,1,2375000,2026-07-29,1
textlink,baoangiang.com.vn,Textlink,Link fullsite - 3 thang,2375000,1 link,3 thang,1,2375000,2026-07-29,1
textlink,baocantho.com.vn,Textlink,Link trang chu - 12 thang,2375000,1 link,12 thang,1,2375000,2026-07-29,1
textlink,baocantho.com.vn,Textlink,Link fullsite - 3 thang,2375000,1 link,3 thang,1,2375000,2026-07-29,1
textlink,truyenhinhnghean.vn,Textlink,Link trang chu - 12 thang,2375000,1 link,12 thang,1,2375000,2026-07-29,1
textlink,truyenhinhnghean.vn,Textlink,Link fullsite - 3 thang,2375000,1 link,3 thang,1,2375000,2026-07-29,1
textlink,thuonghieucongluan.com.vn,Textlink,Link trang chu - 12 thang,2375000,1 link,12 thang,1,2375000,2026-07-29,1
textlink,thuonghieucongluan.com.vn,Textlink,Link fullsite - 3 thang,2375000,1 link,3 thang,1,2375000,2026-07-29,1
textlink,baovanhoa.vn,Textlink,Link trang chu - 12 thang,2375000,1 link,12 thang,1,2375000,2026-07-29,1
textlink,baovanhoa.vn,Textlink,Link fullsite - 3 thang,2375000,1 link,3 thang,1,2375000,2026-07-29,1
textlink,tapchitoaan.vn,Textlink,Link trang chu - 12 thang,2375000,1 link,12 thang,1,2375000,2026-07-29,1
textlink,tapchitoaan.vn,Textlink,Link fullsite - 3 thang,2375000,1 link,3 thang,1,2375000,2026-07-29,1
textlink,doanhnghiephoinhap.vn,Textlink,Link trang chu - 6 thang,1710000,1 link,6 thang,1,1710000,2026-07-29,1
textlink,baothainguyen.vn,Textlink,Link trang chu - 6 thang,1710000,1 link,6 thang,1,1710000,2026-07-29,1
textlink,huengaynay.vn,Textlink,Link trang chu - 6 thang,1710000,1 link,6 thang,1,1710000,2026-07-29,1
textlink,baocamau.vn,Textlink,Link trang chu - 6 thang,1710000,1 link,6 thang,1,1710000,2026-07-29,1
textlink,baotuyenquang.com.vn,Textlink,Link trang chu - 6 thang,1710000,1 link,6 thang,1,1710000,2026-07-29,1
textlink,baogialai.com.vn,Textlink,Link trang chu - 6 thang,1710000,1 link,6 thang,1,1710000,2026-07-29,1
textlink,nguoidothi.net.vn,Textlink,Link trang chu - 6 thang,1710000,1 link,6 thang,1,1710000,2026-07-29,1
textlink,baolangson.vn,Textlink,Link trang chu - 6 thang,1710000,1 link,6 thang,1,1710000,2026-07-29,1
textlink,baolaocai.vn,Textlink,Link trang chu - 6 thang,1710000,1 link,6 thang,1,1710000,2026-07-29,1
textlink,baoangiang.com.vn,Textlink,Link trang chu - 6 thang,1710000,1 link,6 thang,1,1710000,2026-07-29,1
textlink,baocantho.com.vn,Textlink,Link trang chu - 6 thang,1710000,1 link,6 thang,1,1710000,2026-07-29,1
textlink,truyenhinhnghean.vn,Textlink,Link trang chu - 6 thang,1710000,1 link,6 thang,1,1710000,2026-07-29,1
textlink,thuonghieucongluan.com.vn,Textlink,Link trang chu - 6 thang,1710000,1 link,6 thang,1,1710000,2026-07-29,1
textlink,baovanhoa.vn,Textlink,Link trang chu - 6 thang,1710000,1 link,6 thang,1,1710000,2026-07-29,1
textlink,tapchitoaan.vn,Textlink,Link trang chu - 6 thang,1710000,1 link,6 thang,1,1710000,2026-07-29,1
textlink,doanhnghiephoinhap.vn,Textlink,Link trang chu - 3 thang,1425000,1 link,3 thang,1,1425000,2026-07-29,1
textlink,baothainguyen.vn,Textlink,Link trang chu - 3 thang,1425000,1 link,3 thang,1,1425000,2026-07-29,1
textlink,huengaynay.vn,Textlink,Link trang chu - 3 thang,1425000,1 link,3 thang,1,1425000,2026-07-29,1
textlink,baocamau.vn,Textlink,Link trang chu - 3 thang,1425000,1 link,3 thang,1,1425000,2026-07-29,1
textlink,baotuyenquang.com.vn,Textlink,Link trang chu - 3 thang,1425000,1 link,3 thang,1,1425000,2026-07-29,1
textlink,baogialai.com.vn,Textlink,Link trang chu - 3 thang,1425000,1 link,3 thang,1,1425000,2026-07-29,1
textlink,nguoidothi.net.vn,Textlink,Link trang chu - 3 thang,1425000,1 link,3 thang,1,1425000,2026-07-29,1
textlink,baolangson.vn,Textlink,Link trang chu - 3 thang,1425000,1 link,3 thang,1,1425000,2026-07-29,1
textlink,baolaocai.vn,Textlink,Link trang chu - 3 thang,1425000,1 link,3 thang,1,1425000,2026-07-29,1
textlink,baoangiang.com.vn,Textlink,Link trang chu - 3 thang,1425000,1 link,3 thang,1,1425000,2026-07-29,1
textlink,baocantho.com.vn,Textlink,Link trang chu - 3 thang,1425000,1 link,3 thang,1,1425000,2026-07-29,1
textlink,truyenhinhnghean.vn,Textlink,Link trang chu - 3 thang,1425000,1 link,3 thang,1,1425000,2026-07-29,1
textlink,thuonghieucongluan.com.vn,Textlink,Link trang chu - 3 thang,1425000,1 link,3 thang,1,1425000,2026-07-29,1
textlink,baovanhoa.vn,Textlink,Link trang chu - 3 thang,1425000,1 link,3 thang,1,1425000,2026-07-29,1
textlink,tapchitoaan.vn,Textlink,Link trang chu - 3 thang,1425000,1 link,3 thang,1,1425000,2026-07-29,1
textlink,hanoitimes.vn,Textlink,Link trang chu - 12 thang,1045000,1 link,12 thang,1,1045000,2026-07-29,1
textlink,thieunien.vn,Textlink,Link trang chu - 12 thang,1045000,1 link,12 thang,1,1045000,2026-07-29,1
textlink,thanhnienviet.vn,Textlink,Link trang chu - 12 thang,1045000,1 link,12 thang,1,1045000,2026-07-29,1
textlink,tapchinghiencuuphathoc.vn,Textlink,Link trang chu - 12 thang,1045000,1 link,12 thang,1,1045000,2026-07-29,1
textlink,phunuvagiadinh.vn,Textlink,Link trang chu - 12 thang,1045000,1 link,12 thang,1,1045000,2026-07-29,1
textlink,reatimes.vn,Textlink,Link trang chu - 12 thang,1045000,1 link,12 thang,1,1045000,2026-07-29,1
textlink,hanoitimes.vn,Textlink,Link fullsite - 3 thang,950000,1 link,3 thang,1,950000,2026-07-29,1
textlink,thieunien.vn,Textlink,Link fullsite - 3 thang,950000,1 link,3 thang,1,950000,2026-07-29,1
textlink,thanhnienviet.vn,Textlink,Link fullsite - 3 thang,950000,1 link,3 thang,1,950000,2026-07-29,1
textlink,tapchinghiencuuphathoc.vn,Textlink,Link fullsite - 3 thang,950000,1 link,3 thang,1,950000,2026-07-29,1
textlink,phunuvagiadinh.vn,Textlink,Link fullsite - 3 thang,950000,1 link,3 thang,1,950000,2026-07-29,1
textlink,reatimes.vn,Textlink,Link fullsite - 3 thang,950000,1 link,3 thang,1,950000,2026-07-29,1
textlink,hanoitimes.vn,Textlink,Link trang chu - 6 thang,855000,1 link,6 thang,1,855000,2026-07-29,1
textlink,thieunien.vn,Textlink,Link trang chu - 6 thang,855000,1 link,6 thang,1,855000,2026-07-29,1
textlink,thanhnienviet.vn,Textlink,Link trang chu - 6 thang,855000,1 link,6 thang,1,855000,2026-07-29,1
textlink,tapchinghiencuuphathoc.vn,Textlink,Link trang chu - 6 thang,855000,1 link,6 thang,1,855000,2026-07-29,1
textlink,phunuvagiadinh.vn,Textlink,Link trang chu - 6 thang,855000,1 link,6 thang,1,855000,2026-07-29,1
textlink,reatimes.vn,Textlink,Link trang chu - 6 thang,855000,1 link,6 thang,1,855000,2026-07-29,1
textlink,baodanang.vn,Textlink,Link chuyen muc - 12 thang,855000,1 link,12 thang,1,855000,2026-07-29,1
textlink,baodongnai.com.vn,Textlink,Link chuyen muc - 12 thang,855000,1 link,12 thang,1,855000,2026-07-29,1
textlink,giaoducthoidai.vn,Textlink,Link chuyen muc - 12 thang,855000,1 link,12 thang,1,855000,2026-07-29,1
textlink,baophapluat.vn,Textlink,Link chuyen muc - 12 thang,855000,1 link,12 thang,1,855000,2026-07-29,1
textlink,vnreview.vn,Textlink,Link chuyen muc - 12 thang,855000,1 link,12 thang,1,855000,2026-07-29,1
textlink,home.vn,Textlink,Link chuyen muc - 12 thang,855000,1 link,12 thang,1,855000,2026-07-29,1
textlink,congly.vn,Textlink,Link chuyen muc - 12 thang,855000,1 link,12 thang,1,855000,2026-07-29,1
textlink,anninhthudo.vn,Textlink,Link chuyen muc - 12 thang,855000,1 link,12 thang,1,855000,2026-07-29,1
textlink,hanoimoi.vn,Textlink,Link chuyen muc - 12 thang,855000,1 link,12 thang,1,855000,2026-07-29,1
textlink,baodanang.vn,Textlink,Link chuyen muc - 6 thang,760000,1 link,6 thang,1,760000,2026-07-29,1
textlink,baodongnai.com.vn,Textlink,Link chuyen muc - 6 thang,760000,1 link,6 thang,1,760000,2026-07-29,1
textlink,giaoducthoidai.vn,Textlink,Link chuyen muc - 6 thang,760000,1 link,6 thang,1,760000,2026-07-29,1
textlink,baophapluat.vn,Textlink,Link chuyen muc - 6 thang,760000,1 link,6 thang,1,760000,2026-07-29,1
textlink,vnreview.vn,Textlink,Link chuyen muc - 6 thang,760000,1 link,6 thang,1,760000,2026-07-29,1
textlink,home.vn,Textlink,Link chuyen muc - 6 thang,760000,1 link,6 thang,1,760000,2026-07-29,1
textlink,congly.vn,Textlink,Link chuyen muc - 6 thang,760000,1 link,6 thang,1,760000,2026-07-29,1
textlink,anninhthudo.vn,Textlink,Link chuyen muc - 6 thang,760000,1 link,6 thang,1,760000,2026-07-29,1
textlink,hanoimoi.vn,Textlink,Link chuyen muc - 6 thang,760000,1 link,6 thang,1,760000,2026-07-29,1
textlink,hanoitimes.vn,Textlink,Link trang chu - 3 thang,665000,1 link,3 thang,1,665000,2026-07-29,1
textlink,hanoitimes.vn,Textlink,Link chuyen muc - 12 thang,665000,1 link,12 thang,1,665000,2026-07-29,1
textlink,thieunien.vn,Textlink,Link trang chu - 3 thang,665000,1 link,3 thang,1,665000,2026-07-29,1
textlink,thieunien.vn,Textlink,Link chuyen muc - 12 thang,665000,1 link,12 thang,1,665000,2026-07-29,1
textlink,thanhnienviet.vn,Textlink,Link trang chu - 3 thang,665000,1 link,3 thang,1,665000,2026-07-29,1
textlink,thanhnienviet.vn,Textlink,Link chuyen muc - 12 thang,665000,1 link,12 thang,1,665000,2026-07-29,1
textlink,tapchinghiencuuphathoc.vn,Textlink,Link trang chu - 3 thang,665000,1 link,3 thang,1,665000,2026-07-29,1
textlink,tapchinghiencuuphathoc.vn,Textlink,Link chuyen muc - 12 thang,665000,1 link,12 thang,1,665000,2026-07-29,1
textlink,phunuvagiadinh.vn,Textlink,Link trang chu - 3 thang,665000,1 link,3 thang,1,665000,2026-07-29,1
textlink,phunuvagiadinh.vn,Textlink,Link chuyen muc - 12 thang,665000,1 link,12 thang,1,665000,2026-07-29,1
textlink,reatimes.vn,Textlink,Link trang chu - 3 thang,665000,1 link,3 thang,1,665000,2026-07-29,1
textlink,reatimes.vn,Textlink,Link chuyen muc - 12 thang,665000,1 link,12 thang,1,665000,2026-07-29,1
textlink,doanhnghiephoinhap.vn,Textlink,Link chuyen muc - 12 thang,665000,1 link,12 thang,1,665000,2026-07-29,1
textlink,baothainguyen.vn,Textlink,Link chuyen muc - 12 thang,665000,1 link,12 thang,1,665000,2026-07-29,1
textlink,huengaynay.vn,Textlink,Link chuyen muc - 12 thang,665000,1 link,12 thang,1,665000,2026-07-29,1
textlink,baocamau.vn,Textlink,Link chuyen muc - 12 thang,665000,1 link,12 thang,1,665000,2026-07-29,1
textlink,baotuyenquang.com.vn,Textlink,Link chuyen muc - 12 thang,665000,1 link,12 thang,1,665000,2026-07-29,1
textlink,baogialai.com.vn,Textlink,Link chuyen muc - 12 thang,665000,1 link,12 thang,1,665000,2026-07-29,1
textlink,nguoidothi.net.vn,Textlink,Link chuyen muc - 12 thang,665000,1 link,12 thang,1,665000,2026-07-29,1
textlink,baolangson.vn,Textlink,Link chuyen muc - 12 thang,665000,1 link,12 thang,1,665000,2026-07-29,1
textlink,baolaocai.vn,Textlink,Link chuyen muc - 12 thang,665000,1 link,12 thang,1,665000,2026-07-29,1
textlink,baoangiang.com.vn,Textlink,Link chuyen muc - 12 thang,665000,1 link,12 thang,1,665000,2026-07-29,1
textlink,baocantho.com.vn,Textlink,Link chuyen muc - 12 thang,665000,1 link,12 thang,1,665000,2026-07-29,1
textlink,truyenhinhnghean.vn,Textlink,Link chuyen muc - 12 thang,665000,1 link,12 thang,1,665000,2026-07-29,1
textlink,thuonghieucongluan.com.vn,Textlink,Link chuyen muc - 12 thang,665000,1 link,12 thang,1,665000,2026-07-29,1
textlink,baovanhoa.vn,Textlink,Link chuyen muc - 12 thang,665000,1 link,12 thang,1,665000,2026-07-29,1
textlink,tapchitoaan.vn,Textlink,Link chuyen muc - 12 thang,665000,1 link,12 thang,1,665000,2026-07-29,1
textlink,baodanang.vn,Textlink,Link chuyen muc - 3 thang,665000,1 link,3 thang,1,665000,2026-07-29,1
textlink,baodongnai.com.vn,Textlink,Link chuyen muc - 3 thang,665000,1 link,3 thang,1,665000,2026-07-29,1
textlink,giaoducthoidai.vn,Textlink,Link chuyen muc - 3 thang,665000,1 link,3 thang,1,665000,2026-07-29,1
textlink,baophapluat.vn,Textlink,Link chuyen muc - 3 thang,665000,1 link,3 thang,1,665000,2026-07-29,1
textlink,vnreview.vn,Textlink,Link chuyen muc - 3 thang,665000,1 link,3 thang,1,665000,2026-07-29,1
textlink,home.vn,Textlink,Link chuyen muc - 3 thang,665000,1 link,3 thang,1,665000,2026-07-29,1
textlink,congly.vn,Textlink,Link chuyen muc - 3 thang,665000,1 link,3 thang,1,665000,2026-07-29,1
textlink,anninhthudo.vn,Textlink,Link chuyen muc - 3 thang,665000,1 link,3 thang,1,665000,2026-07-29,1
textlink,hanoimoi.vn,Textlink,Link chuyen muc - 3 thang,665000,1 link,3 thang,1,665000,2026-07-29,1
textlink,hanoitimes.vn,Textlink,Link chuyen muc - 6 thang,570000,1 link,6 thang,1,570000,2026-07-29,1
textlink,thieunien.vn,Textlink,Link chuyen muc - 6 thang,570000,1 link,6 thang,1,570000,2026-07-29,1
textlink,thanhnienviet.vn,Textlink,Link chuyen muc - 6 thang,570000,1 link,6 thang,1,570000,2026-07-29,1
textlink,tapchinghiencuuphathoc.vn,Textlink,Link chuyen muc - 6 thang,570000,1 link,6 thang,1,570000,2026-07-29,1
textlink,phunuvagiadinh.vn,Textlink,Link chuyen muc - 6 thang,570000,1 link,6 thang,1,570000,2026-07-29,1
textlink,reatimes.vn,Textlink,Link chuyen muc - 6 thang,570000,1 link,6 thang,1,570000,2026-07-29,1
textlink,doanhnghiephoinhap.vn,Textlink,Link chuyen muc - 6 thang,570000,1 link,6 thang,1,570000,2026-07-29,1
textlink,baothainguyen.vn,Textlink,Link chuyen muc - 6 thang,570000,1 link,6 thang,1,570000,2026-07-29,1
textlink,huengaynay.vn,Textlink,Link chuyen muc - 6 thang,570000,1 link,6 thang,1,570000,2026-07-29,1
textlink,baocamau.vn,Textlink,Link chuyen muc - 6 thang,570000,1 link,6 thang,1,570000,2026-07-29,1
textlink,baotuyenquang.com.vn,Textlink,Link chuyen muc - 6 thang,570000,1 link,6 thang,1,570000,2026-07-29,1
textlink,baogialai.com.vn,Textlink,Link chuyen muc - 6 thang,570000,1 link,6 thang,1,570000,2026-07-29,1
textlink,nguoidothi.net.vn,Textlink,Link chuyen muc - 6 thang,570000,1 link,6 thang,1,570000,2026-07-29,1
textlink,baolangson.vn,Textlink,Link chuyen muc - 6 thang,570000,1 link,6 thang,1,570000,2026-07-29,1
textlink,baolaocai.vn,Textlink,Link chuyen muc - 6 thang,570000,1 link,6 thang,1,570000,2026-07-29,1
textlink,baoangiang.com.vn,Textlink,Link chuyen muc - 6 thang,570000,1 link,6 thang,1,570000,2026-07-29,1
textlink,baocantho.com.vn,Textlink,Link chuyen muc - 6 thang,570000,1 link,6 thang,1,570000,2026-07-29,1
textlink,truyenhinhnghean.vn,Textlink,Link chuyen muc - 6 thang,570000,1 link,6 thang,1,570000,2026-07-29,1
textlink,thuonghieucongluan.com.vn,Textlink,Link chuyen muc - 6 thang,570000,1 link,6 thang,1,570000,2026-07-29,1
textlink,baovanhoa.vn,Textlink,Link chuyen muc - 6 thang,570000,1 link,6 thang,1,570000,2026-07-29,1
textlink,tapchitoaan.vn,Textlink,Link chuyen muc - 6 thang,570000,1 link,6 thang,1,570000,2026-07-29,1
textlink,hanoitimes.vn,Textlink,Link chuyen muc - 3 thang,475000,1 link,3 thang,1,475000,2026-07-29,1
textlink,thieunien.vn,Textlink,Link chuyen muc - 3 thang,475000,1 link,3 thang,1,475000,2026-07-29,1
textlink,thanhnienviet.vn,Textlink,Link chuyen muc - 3 thang,475000,1 link,3 thang,1,475000,2026-07-29,1
textlink,tapchinghiencuuphathoc.vn,Textlink,Link chuyen muc - 3 thang,475000,1 link,3 thang,1,475000,2026-07-29,1
textlink,phunuvagiadinh.vn,Textlink,Link chuyen muc - 3 thang,475000,1 link,3 thang,1,475000,2026-07-29,1
textlink,reatimes.vn,Textlink,Link chuyen muc - 3 thang,475000,1 link,3 thang,1,475000,2026-07-29,1
textlink,doanhnghiephoinhap.vn,Textlink,Link chuyen muc - 3 thang,475000,1 link,3 thang,1,475000,2026-07-29,1
textlink,baothainguyen.vn,Textlink,Link chuyen muc - 3 thang,475000,1 link,3 thang,1,475000,2026-07-29,1
textlink,huengaynay.vn,Textlink,Link chuyen muc - 3 thang,475000,1 link,3 thang,1,475000,2026-07-29,1
textlink,baocamau.vn,Textlink,Link chuyen muc - 3 thang,475000,1 link,3 thang,1,475000,2026-07-29,1
textlink,baotuyenquang.com.vn,Textlink,Link chuyen muc - 3 thang,475000,1 link,3 thang,1,475000,2026-07-29,1
textlink,baogialai.com.vn,Textlink,Link chuyen muc - 3 thang,475000,1 link,3 thang,1,475000,2026-07-29,1
textlink,nguoidothi.net.vn,Textlink,Link chuyen muc - 3 thang,475000,1 link,3 thang,1,475000,2026-07-29,1
textlink,baolangson.vn,Textlink,Link chuyen muc - 3 thang,475000,1 link,3 thang,1,475000,2026-07-29,1
textlink,baolaocai.vn,Textlink,Link chuyen muc - 3 thang,475000,1 link,3 thang,1,475000,2026-07-29,1
textlink,baoangiang.com.vn,Textlink,Link chuyen muc - 3 thang,475000,1 link,3 thang,1,475000,2026-07-29,1
textlink,baocantho.com.vn,Textlink,Link chuyen muc - 3 thang,475000,1 link,3 thang,1,475000,2026-07-29,1
textlink,truyenhinhnghean.vn,Textlink,Link chuyen muc - 3 thang,475000,1 link,3 thang,1,475000,2026-07-29,1
textlink,thuonghieucongluan.com.vn,Textlink,Link chuyen muc - 3 thang,475000,1 link,3 thang,1,475000,2026-07-29,1
textlink,baovanhoa.vn,Textlink,Link chuyen muc - 3 thang,475000,1 link,3 thang,1,475000,2026-07-29,1
textlink,tapchitoaan.vn,Textlink,Link chuyen muc - 3 thang,475000,1 link,3 thang,1,475000,2026-07-29,1
toplist,cotrang.org,Toplist,Top 1 (1 nam),5700000,1 link,Toplist quang cao doanh nghiep,1,5700000,2026-07-29,
toplist,quangninhcogi.vn,Toplist,Top 2-3 (1 nam),4275000,1 link,Gioi thieu - Google Maps - khung review,2,5700000,2026-07-29,
toplist,danhgiathuonghieu.vn,Toplist,Top 3 (1 nam),1710000,1 link,Thue vi tri Top 3 trong bai toplist,3,3040000,2026-07-29,
toplist,inhat.vn,Toplist,Dang bai toplist,1615000,2 link Dofollow,1000 tu - 3-5 anh - 2 link dofollow,1,1615000,2026-07-29,
toplist,golook.vn,Toplist,Dang bai toplist,950000,2 link Dofollow,1000 tu - 3-5 anh - 2 link dofollow,1,950000,2026-07-29,
toplist,toplistdanang.com,Toplist,Dang bai toplist,950000,2 link Dofollow,1000 tu - 3-5 anh - 2 link dofollow,1,950000,2026-07-29,
toplist,toplisthanoi.com,Toplist,Dang bai toplist,950000,2 link Dofollow,1000 tu - 3-5 anh - 2 link dofollow,1,950000,2026-07-29,
toplist,toplistcantho.com,Toplist,Dang bai toplist,950000,2 link Dofollow,1000 tu - 3-5 anh - 2 link dofollow,1,950000,2026-07-29,
toplist,ohay.vn,Toplist,Dang bai toplist,950000,2 link Dofollow,1000 tu - 3-5 anh - 2 link dofollow,1,950000,2026-07-29,
toplist,ubeauty.vn,Toplist,Dang bai toplist,950000,2 link Dofollow,1000 tu - 3-5 anh - 2 link dofollow,1,950000,2026-07-29,
toplist,travelist.vn,Toplist,Dang bai toplist,950000,2 link Dofollow,1000 tu - 3-5 anh - 2 link dofollow,1,950000,2026-07-29,
toplist,topdongnai.com,Toplist,Dang bai toplist,950000,2 link Dofollow,1000 tu - 3-5 anh - 2 link dofollow,1,950000,2026-07-29,
toplist,danangaz.com,Toplist,Dang bai toplist,950000,2 link Dofollow,1000 tu - 3-5 anh - 2 link dofollow,1,950000,2026-07-29,
toplist,toplistsaigon.com,Toplist,Dang bai toplist,950000,2 link Dofollow,1000 tu - 3-5 anh - 2 link dofollow,1,950000,2026-07-29,
toplist,tophaiphong.com,Toplist,Dang bai toplist,950000,2 link Dofollow,1000 tu - 3-5 anh - 2 link dofollow,1,950000,2026-07-29,
toplist,topbinhduong.com,Toplist,Dang bai toplist,950000,2 link Dofollow,1000 tu - 3-5 anh - 2 link dofollow,1,950000,2026-07-29,
toplist,hanoi.inhat.vn,Toplist,Dang bai toplist,950000,2 link Dofollow,1000 tu - 3-5 anh - 2 link dofollow,1,950000,2026-07-29,
toplist,hcm.inhat.vn,Toplist,Dang bai toplist,950000,2 link Dofollow,1000 tu - 3-5 anh - 2 link dofollow,1,950000,2026-07-29,
toplist,itoplist.vn,Toplist,Bai moi (khach gui content),760000,2 link dofollow,"<1000 tu + 5 anh, vinh vien",5,3325000,2026-07-29,
toplist,top10riviu.com,Toplist,Bai khach tu gui,760000,2 link dofollow,Duoi 1000 tu - tu 5 anh,6,3325000,2026-07-29,
toplist,hcmtoplist.com,Toplist,Bai khach tu gui,760000,2 link nofollow,Tren 1000 tu - tu 5 anh - 1 nam,6,4275000,2026-07-29,
toplist,toplistviet.org,Toplist,Bai moi (nganh thuong),190000,,Vinh vien,1,190000,2026-07-29,
